date,rainfall_in
1990-01-01,3.486
1990-01-02,0.611
1990-01-03,0.335
1990-01-04,0.28
1990-01-05,0.231
1990-01-06,0.048
1990-01-07,0.027
1990-01-08,0.199
1990-01-09,0.399
1990-01-10,0.085
1990-01-11,0.193
1990-01-12,0.377
1990-01-13,0.441
1990-01-14,0.358
1990-01-15,1.276
1990-01-16,0.31
1990-01-17,0.195
1990-01-18,0.5
1990-01-19,6.274
1990-01-20,3.212
1990-01-21,2.134
1990-01-22,0.965
1990-01-23,0.455
1990-01-24,0.31
1990-01-25,0.324
1990-01-26,0.36
1990-01-27,0.589
1990-01-28,0.386
1990-01-29,0.578
1990-01-30,0.341
1990-01-31,0.898
1990-02-01,2.613
1990-02-02,1.894
1990-02-03,1.016
1990-02-04,0.29
1990-02-05,0.434
1990-02-06,0.693
1990-02-07,0.259
1990-02-08,0.102
1990-02-09,0.044
1990-02-10,0.015
1990-02-11,0.032
1990-02-12,0.004
1990-02-13,0.001
1990-02-14,0.548
1990-02-15,0.449
1990-02-16,0.062
1990-02-17,0.063
1990-02-18,0.026
1990-02-19,0.009
1990-02-20,0.0
1990-02-21,0.0
1990-02-22,0.0
1990-02-23,0.094
1990-02-24,1.659
1990-02-25,0.514
1990-02-26,0.619
1990-02-27,0.691
1990-02-28,3.317
1990-03-01,2.484
1990-03-02,0.834
1990-03-03,0.157
1990-03-04,0.077
1990-03-05,0.35
1990-03-06,0.967
1990-03-07,0.931
1990-03-08,0.385
1990-03-09,0.376
1990-03-10,0.941
1990-03-11,0.409
1990-03-12,0.308
1990-03-13,0.084
1990-03-14,0.012
1990-03-15,0.082
1990-03-16,0.156
1990-03-17,0.009
1990-03-18,0.003
1990-03-19,0.001
1990-03-20,0.0
1990-03-21,0.0
1990-03-22,0.0
1990-03-23,0.0
1990-03-24,0.004
1990-03-25,0.059
1990-03-26,0.019
1990-03-27,0.074
1990-03-28,0.206
1990-03-29,0.053
1990-03-30,0.093
1990-03-31,0.239
1990-04-01,0.075
1990-04-02,0.131
1990-04-03,0.506
1990-04-04,0.207
1990-04-05,0.045
1990-04-06,0.025
1990-04-07,0.051
1990-04-08,0.019
1990-04-09,0.0
1990-04-10,0.011
1990-04-11,0.007
1990-04-12,0.003
1990-04-13,0.016
1990-04-14,0.055
1990-04-15,0.069
1990-04-16,0.039
1990-04-17,0.022
1990-04-18,0.039
1990-04-19,0.125
1990-04-20,0.112
1990-04-21,0.093
1990-04-22,0.085
1990-04-23,0.346
1990-04-24,0.447
1990-04-25,0.4
1990-04-26,0.576
1990-04-27,0.047
1990-04-28,0.065
1990-04-29,0.009
1990-04-30,0.096
1990-05-01,0.254
1990-05-02,0.187
1990-05-03,0.09
1990-05-04,0.068
1990-05-05,0.475
1990-05-06,0.145
1990-05-07,0.218
1990-05-08,0.196
1990-05-09,0.164
1990-05-10,0.091
1990-05-11,0.039
1990-05-12,0.022
1990-05-13,0.032
1990-05-14,0.083
1990-05-15,0.085
1990-05-16,0.227
1990-05-17,0.18
1990-05-18,0.444
1990-05-19,0.602
1990-05-20,0.402
1990-05-21,0.241
1990-05-22,0.206
1990-05-23,0.745
1990-05-24,0.485
1990-05-25,0.651
1990-05-26,0.23
1990-05-27,0.299
1990-05-28,0.098
1990-05-29,0.4
1990-05-30,0.241
1990-05-31,0.054
1990-06-01,0.027
1990-06-02,0.027
1990-06-03,0.089
1990-06-04,0.186
1990-06-05,0.335
1990-06-06,0.119
1990-06-07,0.029
1990-06-08,0.025
1990-06-09,0.009
1990-06-10,0.027
1990-06-11,0.074
1990-06-12,0.185
1990-06-13,0.166
1990-06-14,0.351
1990-06-15,0.553
1990-06-16,1.13
1990-06-17,0.589
1990-06-18,0.334
1990-06-19,0.428
1990-06-20,0.79
1990-06-21,0.279
1990-06-22,0.18
1990-06-23,0.542
1990-06-24,0.883
1990-06-25,0.137
1990-06-26,0.468
1990-06-27,0.358
1990-06-28,0.116
1990-06-29,0.277
1990-06-30,0.101
1990-07-01,0.145
1990-07-02,0.178
1990-07-03,0.01
1990-07-04,0.037
1990-07-05,0.03
1990-07-06,0.0
1990-07-07,0.166
1990-07-08,0.799
1990-07-09,0.291
1990-07-10,0.276
1990-07-11,0.265
1990-07-12,0.34
1990-07-13,0.458
1990-07-14,0.311
1990-07-15,0.125
1990-07-16,0.111
1990-07-17,0.453
1990-07-18,0.927
1990-07-19,0.803
1990-07-20,0.62
1990-07-21,0.238
1990-07-22,0.232
1990-07-23,0.29
1990-07-24,0.362
1990-07-25,0.209
1990-07-26,0.167
1990-07-27,0.227
1990-07-28,0.532
1990-07-29,0.263
1990-07-30,0.264
1990-07-31,0.061
1990-08-01,0.174
1990-08-02,0.102
1990-08-03,0.076
1990-08-04,0.051
1990-08-05,0.122
1990-08-06,0.149
1990-08-07,0.515
1990-08-08,0.24
1990-08-09,0.04
1990-08-10,0.063
1990-08-11,0.145
1990-08-12,1.227
1990-08-13,0.294
1990-08-14,0.347
1990-08-15,0.524
1990-08-16,0.21
1990-08-17,0.179
1990-08-18,0.214
1990-08-19,0.028
1990-08-20,0.131
1990-08-21,0.475
1990-08-22,0.45
1990-08-23,0.565
1990-08-24,0.558
1990-08-25,0.145
1990-08-26,0.249
1990-08-27,0.19
1990-08-28,0.066
1990-08-29,0.018
1990-08-30,0.004
1990-08-31,0.0
1990-09-01,0.034
1990-09-02,0.148
1990-09-03,0.429
1990-09-04,0.353
1990-09-05,0.616
1990-09-06,0.34
1990-09-07,0.077
1990-09-08,0.472
1990-09-09,0.547
1990-09-10,0.674
1990-09-11,0.518
1990-09-12,0.995
1990-09-13,0.857
1990-09-14,0.331
1990-09-15,0.185
1990-09-16,0.754
1990-09-17,1.121
1990-09-18,1.835
1990-09-19,3.196
1990-09-20,1.676
1990-09-21,0.085
1990-09-22,0.166
1990-09-23,0.274
1990-09-24,0.234
1990-09-25,0.117
1990-09-26,0.279
1990-09-27,0.208
1990-09-28,0.409
1990-09-29,1.092
1990-09-30,0.453
1990-10-01,0.732
1990-10-02,0.681
1990-10-03,1.448
1990-10-04,1.373
1990-10-05,0.641
1990-10-06,0.18
1990-10-07,0.255
1990-10-08,0.137
1990-10-09,0.145
1990-10-10,0.631
1990-10-11,0.474
1990-10-12,0.166
1990-10-13,0.444
1990-10-14,0.468
1990-10-15,1.011
1990-10-16,0.897
1990-10-17,1.057
1990-10-18,2.203
1990-10-19,1.705
1990-10-20,0.207
1990-10-21,0.063
1990-10-22,0.473
1990-10-23,0.487
1990-10-24,0.473
1990-10-25,0.198
1990-10-26,0.068
1990-10-27,0.02
1990-10-28,0.208
1990-10-29,1.448
1990-10-30,2.328
1990-10-31,0.753
1990-11-01,1.755
1990-11-02,0.802
1990-11-03,0.262
1990-11-04,0.2
1990-11-05,0.736
1990-11-06,2.974
1990-11-07,2.61
1990-11-08,0.122
1990-11-09,0.075
1990-11-10,0.333
1990-11-11,1.278
1990-11-12,1.792
1990-11-13,0.73
1990-11-14,2.914
1990-11-15,1.718
1990-11-16,0.961
1990-11-17,1.875
1990-11-18,7.393
1990-11-19,4.561
1990-11-20,2.139
1990-11-21,0.654
1990-11-22,0.135
1990-11-23,0.481
1990-11-24,0.119
1990-11-25,0.04
1990-11-26,0.617
1990-11-27,0.206
1990-11-28,0.079
1990-11-29,0.041
1990-11-30,0.084
1990-12-01,0.171
1990-12-02,0.268
1990-12-03,0.158
1990-12-04,0.07
1990-12-05,0.446
1990-12-06,0.088
1990-12-07,0.346
1990-12-08,0.891
1990-12-09,0.759
1990-12-10,0.161
1990-12-11,0.347
1990-12-12,1.344
1990-12-13,1.321
1990-12-14,0.592
1990-12-15,0.344
1990-12-16,2.469
1990-12-17,2.807
1990-12-18,1.874
1990-12-19,2.185
1990-12-20,1.598
1990-12-21,2.71
1990-12-22,2.536
1990-12-23,1.099
1990-12-24,0.635
1990-12-25,0.017
1990-12-26,0.002
1990-12-27,0.0
1990-12-28,0.0
1990-12-29,0.001
1990-12-30,0.008
1990-12-31,0.001
1991-01-01,0.0
1991-01-02,0.0
1991-01-03,0.0
1991-01-04,0.003
1991-01-05,0.026
1991-01-06,0.257
1991-01-07,0.145
1991-01-08,0.053
1991-01-09,0.126
1991-01-10,0.166
1991-01-11,0.083
1991-01-12,0.573
1991-01-13,0.754
1991-01-14,0.369
1991-01-15,0.18
1991-01-16,0.151
1991-01-17,0.07
1991-01-18,0.0
1991-01-19,0.0
1991-01-20,0.0
1991-01-21,0.002
1991-01-22,0.033
1991-01-23,0.041
1991-01-24,0.12
1991-01-25,0.049
1991-01-26,0.031
1991-01-27,0.72
1991-01-28,0.278
1991-01-29,0.031
1991-01-30,0.009
1991-01-31,0.0
1991-02-01,0.011
1991-02-02,0.0
1991-02-03,0.0
1991-02-04,0.0
1991-02-05,0.0
1991-02-06,0.0
1991-02-07,0.0
1991-02-08,0.0
1991-02-09,0.0
1991-02-10,0.0
1991-02-11,0.0
1991-02-12,0.022
1991-02-13,1.0
1991-02-14,0.715
1991-02-15,0.184
1991-02-16,0.02
1991-02-17,0.071
1991-02-18,0.79
1991-02-19,1.212
1991-02-20,3.565
1991-02-21,2.033
1991-02-22,0.155
1991-02-23,0.03
1991-02-24,0.019
1991-02-25,0.02
1991-02-26,0.007
1991-02-27,0.0
1991-02-28,0.0
1991-03-01,0.0
1991-03-02,0.0
1991-03-03,0.0
1991-03-04,0.046
1991-03-05,0.063
1991-03-06,0.067
1991-03-07,0.318
1991-03-08,0.674
1991-03-09,4.788
1991-03-10,2.678
1991-03-11,1.604
1991-03-12,3.664
1991-03-13,1.022
1991-03-14,0.941
1991-03-15,0.477
1991-03-16,1.44
1991-03-17,0.736
1991-03-18,1.448
1991-03-19,4.076
1991-03-20,2.629
1991-03-21,0.598
1991-03-22,0.272
1991-03-23,0.069
1991-03-24,0.046
1991-03-25,0.054
1991-03-26,0.309
1991-03-27,0.719
1991-03-28,0.262
1991-03-29,0.024
1991-03-30,0.24
1991-03-31,0.237
1991-04-01,0.145
1991-04-02,0.305
1991-04-03,0.12
1991-04-04,0.383
1991-04-05,0.447
1991-04-06,0.108
1991-04-07,0.373
1991-04-08,0.546
1991-04-09,0.338
1991-04-10,0.655
1991-04-11,0.527
1991-04-12,0.193
1991-04-13,0.19
1991-04-14,0.4
1991-04-15,0.701
1991-04-16,0.344
1991-04-17,0.247
1991-04-18,0.087
1991-04-19,0.026
1991-04-20,0.124
1991-04-21,0.121
1991-04-22,0.11
1991-04-23,0.486
1991-04-24,0.587
1991-04-25,0.316
1991-04-26,0.102
1991-04-27,0.15
1991-04-28,0.937
1991-04-29,0.829
1991-04-30,0.626
1991-05-01,0.177
1991-05-02,0.114
1991-05-03,0.009
1991-05-04,0.144
1991-05-05,0.048
1991-05-06,0.14
1991-05-07,0.113
1991-05-08,0.08
1991-05-09,0.622
1991-05-10,0.288
1991-05-11,0.047
1991-05-12,0.006
1991-05-13,0.239
1991-05-14,0.568
1991-05-15,0.185
1991-05-16,0.058
1991-05-17,0.022
1991-05-18,0.034
1991-05-19,0.063
1991-05-20,0.0
1991-05-21,0.008
1991-05-22,0.013
1991-05-23,0.052
1991-05-24,0.102
1991-05-25,0.365
1991-05-26,0.367
1991-05-27,0.723
1991-05-28,1.013
1991-05-29,1.002
1991-05-30,0.778
1991-05-31,0.632
1991-06-01,0.198
1991-06-02,0.257
1991-06-03,0.07
1991-06-04,0.151
1991-06-05,0.322
1991-06-06,0.545
1991-06-07,0.833
1991-06-08,0.337
1991-06-09,0.093
1991-06-10,0.734
1991-06-11,0.352
1991-06-12,0.306
1991-06-13,0.263
1991-06-14,0.196
1991-06-15,0.164
1991-06-16,0.088
1991-06-17,0.09
1991-06-18,0.071
1991-06-19,0.049
1991-06-20,0.044
1991-06-21,0.13
1991-06-22,0.153
1991-06-23,0.32
1991-06-24,0.262
1991-06-25,0.834
1991-06-26,0.659
1991-06-27,0.285
1991-06-28,0.116
1991-06-29,0.15
1991-06-30,0.114
1991-07-01,0.274
1991-07-02,0.179
1991-07-03,0.036
1991-07-04,0.034
1991-07-05,0.077
1991-07-06,0.196
1991-07-07,0.235
1991-07-08,0.144
1991-07-09,0.092
1991-07-10,0.713
1991-07-11,0.939
1991-07-12,0.172
1991-07-13,1.365
1991-07-14,0.366
1991-07-15,0.231
1991-07-16,0.21
1991-07-17,0.084
1991-07-18,0.07
1991-07-19,0.065
1991-07-20,0.097
1991-07-21,0.076
1991-07-22,0.14
1991-07-23,0.077
1991-07-24,0.089
1991-07-25,0.363
1991-07-26,0.096
1991-07-27,0.034
1991-07-28,0.231
1991-07-29,0.739
1991-07-30,0.932
1991-07-31,0.622
1991-08-01,0.763
1991-08-02,0.289
1991-08-03,5.403
1991-08-04,0.981
1991-08-05,0.17
1991-08-06,0.718
1991-08-07,4.18
1991-08-08,2.022
1991-08-09,0.219
1991-08-10,0.197
1991-08-11,0.048
1991-08-12,0.308
1991-08-13,0.166
1991-08-14,0.021
1991-08-15,0.094
1991-08-16,0.138
1991-08-17,0.566
1991-08-18,0.273
1991-08-19,0.158
1991-08-20,0.093
1991-08-21,0.016
1991-08-22,0.129
1991-08-23,0.105
1991-08-24,0.71
1991-08-25,0.65
1991-08-26,0.547
1991-08-27,0.762
1991-08-28,0.762
1991-08-29,0.274
1991-08-30,0.047
1991-08-31,0.03
1991-09-01,0.025
1991-09-02,0.022
1991-09-03,0.628
1991-09-04,0.482
1991-09-05,0.11
1991-09-06,0.009
1991-09-07,0.157
1991-09-08,0.093
1991-09-09,0.298
1991-09-10,0.434
1991-09-11,0.691
1991-09-12,0.321
1991-09-13,0.055
1991-09-14,0.18
1991-09-15,0.272
1991-09-16,0.083
1991-09-17,0.051
1991-09-18,0.021
1991-09-19,0.782
1991-09-20,0.272
1991-09-21,0.068
1991-09-22,2.084
1991-09-23,1.131
1991-09-24,0.053
1991-09-25,0.026
1991-09-26,0.01
1991-09-27,0.003
1991-09-28,0.0
1991-09-29,0.009
1991-09-30,0.197
1991-10-01,0.117
1991-10-02,0.18
1991-10-03,0.137
1991-10-04,0.014
1991-10-05,0.059
1991-10-06,0.087
1991-10-07,0.413
1991-10-08,0.483
1991-10-09,0.036
1991-10-10,0.0
1991-10-11,0.0
1991-10-12,0.0
1991-10-13,0.0
1991-10-14,0.047
1991-10-15,0.214
1991-10-16,0.167
1991-10-17,0.05
1991-10-18,0.001
1991-10-19,0.116
1991-10-20,0.028
1991-10-21,0.109
1991-10-22,0.195
1991-10-23,0.234
1991-10-24,0.884
1991-10-25,0.663
1991-10-26,0.055
1991-10-27,0.124
1991-10-28,0.188
1991-10-29,0.018
1991-10-30,0.026
1991-10-31,0.275
1991-11-01,0.015
1991-11-02,0.181
1991-11-03,0.026
1991-11-04,0.051
1991-11-05,0.021
1991-11-06,0.028
1991-11-07,0.071
1991-11-08,0.26
1991-11-09,0.595
1991-11-10,0.121
1991-11-11,0.039
1991-11-12,0.043
1991-11-13,0.02
1991-11-14,0.008
1991-11-15,0.016
1991-11-16,0.065
1991-11-17,0.18
1991-11-18,0.334
1991-11-19,0.708
1991-11-20,0.084
1991-11-21,0.074
1991-11-22,0.187
1991-11-23,0.173
1991-11-24,0.366
1991-11-25,0.132
1991-11-26,0.007
1991-11-27,0.072
1991-11-28,0.538
1991-11-29,0.811
1991-11-30,2.56
1991-12-01,4.478
1991-12-02,1.413
1991-12-03,0.423
1991-12-04,0.144
1991-12-05,0.119
1991-12-06,0.252
1991-12-07,0.09
1991-12-08,0.078
1991-12-09,0.199
1991-12-10,1.216
1991-12-11,0.859
1991-12-12,0.041
1991-12-13,0.206
1991-12-14,0.28
1991-12-15,0.052
1991-12-16,0.139
1991-12-17,0.079
1991-12-18,0.014
1991-12-19,0.024
1991-12-20,0.007
1991-12-21,0.01
1991-12-22,0.391
1991-12-23,0.283
1991-12-24,0.016
1991-12-25,0.605
1991-12-26,0.244
1991-12-27,0.15
1991-12-28,0.521
1991-12-29,0.22
1991-12-30,0.113
1991-12-31,0.285
1992-01-01,0.314
1992-01-02,0.243
1992-01-03,0.064
1992-01-04,0.024
1992-01-05,0.013
1992-01-06,0.013
1992-01-07,0.003
1992-01-08,0.033
1992-01-09,0.02
1992-01-10,0.0
1992-01-11,0.01
1992-01-12,0.01
1992-01-13,0.033
1992-01-14,0.085
1992-01-15,0.245
1992-01-16,0.049
1992-01-17,0.004
1992-01-18,0.047
1992-01-19,0.186
1992-01-20,0.019
1992-01-21,0.0
1992-01-22,0.001
1992-01-23,0.0
1992-01-24,0.0
1992-01-25,0.0
1992-01-26,0.0
1992-01-27,0.0
1992-01-28,0.0
1992-01-29,0.006
1992-01-30,0.111
1992-01-31,0.067
1992-02-01,0.016
1992-02-02,0.061
1992-02-03,0.186
1992-02-04,0.308
1992-02-05,0.291
1992-02-06,0.198
1992-02-07,0.067
1992-02-08,0.006
1992-02-09,0.004
1992-02-10,0.1
1992-02-11,0.071
1992-02-12,0.082
1992-02-13,0.038
1992-02-14,0.005
1992-02-15,0.0
1992-02-16,0.0
1992-02-17,0.0
1992-02-18,0.0
1992-02-19,0.002
1992-02-20,0.001
1992-02-21,0.0
1992-02-22,0.0
1992-02-23,0.0
1992-02-24,0.001
1992-02-25,0.012
1992-02-26,0.04
1992-02-27,0.02
1992-02-28,0.005
1992-02-29,0.022
1992-03-01,0.009
1992-03-02,0.019
1992-03-03,0.089
1992-03-04,0.084
1992-03-05,0.017
1992-03-06,0.019
1992-03-07,0.037
1992-03-08,0.061
1992-03-09,0.037
1992-03-10,0.041
1992-03-11,0.053
1992-03-12,0.088
1992-03-13,0.122
1992-03-14,0.204
1992-03-15,0.246
1992-03-16,0.392
1992-03-17,0.08
1992-03-18,0.244
1992-03-19,0.196
1992-03-20,0.135
1992-03-21,0.006
1992-03-22,0.01
1992-03-23,0.027
1992-03-24,0.232
1992-03-25,0.35
1992-03-26,0.024
1992-03-27,0.019
1992-03-28,0.0
1992-03-29,0.061
1992-03-30,0.179
1992-03-31,0.183
1992-04-01,0.256
1992-04-02,0.269
1992-04-03,0.462
1992-04-04,0.097
1992-04-05,0.01
1992-04-06,0.004
1992-04-07,0.002
1992-04-08,0.346
1992-04-09,0.004
1992-04-10,0.53
1992-04-11,1.026
1992-04-12,0.45
1992-04-13,0.008
1992-04-14,0.041
1992-04-15,0.101
1992-04-16,0.004
1992-04-17,0.032
1992-04-18,0.069
1992-04-19,0.117
1992-04-20,0.046
1992-04-21,0.005
1992-04-22,0.006
1992-04-23,0.096
1992-04-24,0.061
1992-04-25,0.035
1992-04-26,0.102
1992-04-27,0.117
1992-04-28,0.508
1992-04-29,0.247
1992-04-30,0.129
1992-05-01,0.033
1992-05-02,0.008
1992-05-03,0.008
1992-05-04,0.655
1992-05-05,0.812
1992-05-06,0.296
1992-05-07,0.044
1992-05-08,0.012
1992-05-09,0.001
1992-05-10,0.01
1992-05-11,0.193
1992-05-12,0.273
1992-05-13,0.182
1992-05-14,0.035
1992-05-15,0.007
1992-05-16,0.0
1992-05-17,0.0
1992-05-18,0.0
1992-05-19,0.004
1992-05-20,0.0
1992-05-21,0.0
1992-05-22,0.009
1992-05-23,0.127
1992-05-24,0.055
1992-05-25,0.063
1992-05-26,0.002
1992-05-27,0.023
1992-05-28,0.058
1992-05-29,0.038
1992-05-30,0.004
1992-05-31,0.169
1992-06-01,0.139
1992-06-02,0.072
1992-06-03,0.037
1992-06-04,0.109
1992-06-05,0.322
1992-06-06,0.366
1992-06-07,0.41
1992-06-08,0.353
1992-06-09,0.53
1992-06-10,0.519
1992-06-11,0.332
1992-06-12,0.203
1992-06-13,0.066
1992-06-14,0.312
1992-06-15,0.154
1992-06-16,0.305
1992-06-17,0.359
1992-06-18,0.38
1992-06-19,0.524
1992-06-20,0.231
1992-06-21,0.03
1992-06-22,0.218
1992-06-23,0.261
1992-06-24,0.375
1992-06-25,0.247
1992-06-26,0.161
1992-06-27,0.465
1992-06-28,0.446
1992-06-29,0.06
1992-06-30,0.147
1992-07-01,0.199
1992-07-02,0.174
1992-07-03,0.141
1992-07-04,0.273
1992-07-05,0.044
1992-07-06,0.403
1992-07-07,0.194
1992-07-08,0.336
1992-07-09,1.348
1992-07-10,0.624
1992-07-11,0.085
1992-07-12,0.309
1992-07-13,0.475
1992-07-14,0.287
1992-07-15,0.359
1992-07-16,0.536
1992-07-17,0.443
1992-07-18,0.629
1992-07-19,0.773
1992-07-20,1.662
1992-07-21,0.615
1992-07-22,0.244
1992-07-23,0.04
1992-07-24,0.14
1992-07-25,0.796
1992-07-26,1.381
1992-07-27,1.368
1992-07-28,0.175
1992-07-29,0.083
1992-07-30,1.002
1992-07-31,0.215
1992-08-01,0.071
1992-08-02,0.051
1992-08-03,0.167
1992-08-04,0.189
1992-08-05,0.224
1992-08-06,0.412
1992-08-07,0.334
1992-08-08,0.049
1992-08-09,0.058
1992-08-10,0.291
1992-08-11,1.066
1992-08-12,0.32
1992-08-13,0.165
1992-08-14,0.061
1992-08-15,0.873
1992-08-16,1.109
1992-08-17,0.072
1992-08-18,0.221
1992-08-19,0.405
1992-08-20,0.887
1992-08-21,0.62
1992-08-22,0.358
1992-08-23,0.679
1992-08-24,0.131
1992-08-25,0.479
1992-08-26,0.754
1992-08-27,0.318
1992-08-28,0.385
1992-08-29,0.506
1992-08-30,0.311
1992-08-31,0.229
1992-09-01,1.29
1992-09-02,2.624
1992-09-03,1.812
1992-09-04,2.416
1992-09-05,0.827
1992-09-06,0.483
1992-09-07,0.059
1992-09-08,0.099
1992-09-09,0.983
1992-09-10,0.529
1992-09-11,0.055
1992-09-12,0.71
1992-09-13,0.47
1992-09-14,0.765
1992-09-15,0.119
1992-09-16,0.567
1992-09-17,0.48
1992-09-18,0.101
1992-09-19,0.16
1992-09-20,0.178
1992-09-21,0.044
1992-09-22,0.103
1992-09-23,0.16
1992-09-24,0.136
1992-09-25,0.104
1992-09-26,0.326
1992-09-27,0.086
1992-09-28,0.043
1992-09-29,0.046
1992-09-30,0.046
1992-10-01,0.01
1992-10-02,0.031
1992-10-03,0.115
1992-10-04,0.062
1992-10-05,0.011
1992-10-06,0.022
1992-10-07,0.063
1992-10-08,0.081
1992-10-09,0.008
1992-10-10,0.047
1992-10-11,0.059
1992-10-12,0.032
1992-10-13,0.015
1992-10-14,0.011
1992-10-15,0.005
1992-10-16,0.008
1992-10-17,0.029
1992-10-18,0.037
1992-10-19,0.089
1992-10-20,0.019
1992-10-21,0.008
1992-10-22,0.132
1992-10-23,0.254
1992-10-24,0.169
1992-10-25,0.523
1992-10-26,0.427
1992-10-27,0.619
1992-10-28,0.544
1992-10-29,0.156
1992-10-30,0.071
1992-10-31,0.112
1992-11-01,0.464
1992-11-02,0.663
1992-11-03,0.216
1992-11-04,0.033
1992-11-05,0.25
1992-11-06,0.239
1992-11-07,0.088
1992-11-08,0.29
1992-11-09,0.645
1992-11-10,0.139
1992-11-11,0.05
1992-11-12,0.141
1992-11-13,0.162
1992-11-14,0.816
1992-11-15,0.157
1992-11-16,0.417
1992-11-17,0.538
1992-11-18,0.696
1992-11-19,4.668
1992-11-20,0.967
1992-11-21,0.327
1992-11-22,0.152
1992-11-23,0.351
1992-11-24,0.237
1992-11-25,0.154
1992-11-26,0.675
1992-11-27,0.993
1992-11-28,3.234
1992-11-29,5.916
1992-11-30,0.747
1992-12-01,0.273
1992-12-02,0.479
1992-12-03,0.36
1992-12-04,0.297
1992-12-05,0.657
1992-12-06,0.35
1992-12-07,0.182
1992-12-08,0.146
1992-12-09,0.896
1992-12-10,0.632
1992-12-11,0.511
1992-12-12,0.099
1992-12-13,0.005
1992-12-14,0.008
1992-12-15,0.931
1992-12-16,0.817
1992-12-17,0.08
1992-12-18,0.095
1992-12-19,0.185
1992-12-20,0.105
1992-12-21,0.577
1992-12-22,1.198
1992-12-23,1.151
1992-12-24,0.86
1992-12-25,0.211
1992-12-26,1.046
1992-12-27,0.98
1992-12-28,0.775
1992-12-29,0.225
1992-12-30,0.437
1992-12-31,0.26
1993-01-01,0.671
1993-01-02,0.04
1993-01-03,0.004
1993-01-04,0.027
1993-01-05,0.012
1993-01-06,0.0
1993-01-07,0.0
1993-01-08,0.0
1993-01-09,0.002
1993-01-10,0.0
1993-01-11,0.001
1993-01-12,0.0
1993-01-13,0.027
1993-01-14,0.036
1993-01-15,0.133
1993-01-16,0.163
1993-01-17,0.056
1993-01-18,0.061
1993-01-19,0.054
1993-01-20,0.07
1993-01-21,0.418
1993-01-22,0.454
1993-01-23,0.035
1993-01-24,0.003
1993-01-25,0.001
1993-01-26,0.0
1993-01-27,0.08
1993-01-28,0.124
1993-01-29,0.023
1993-01-30,0.002
1993-01-31,0.006
1993-02-01,0.003
1993-02-02,0.0
1993-02-03,0.006
1993-02-04,0.004
1993-02-05,0.007
1993-02-06,0.005
1993-02-07,0.014
1993-02-08,0.16
1993-02-09,0.349
1993-02-10,0.625
1993-02-11,0.385
1993-02-12,0.019
1993-02-13,0.087
1993-02-14,0.017
1993-02-15,0.022
1993-02-16,0.007
1993-02-17,0.0
1993-02-18,0.008
1993-02-19,0.045
1993-02-20,0.055
1993-02-21,0.224
1993-02-22,0.151
1993-02-23,0.174
1993-02-24,0.211
1993-02-25,0.094
1993-02-26,0.021
1993-02-27,0.004
1993-02-28,0.014
1993-03-01,0.149
1993-03-02,0.626
1993-03-03,0.752
1993-03-04,0.218
1993-03-05,0.209
1993-03-06,0.34
1993-03-07,0.709
1993-03-08,1.727
1993-03-09,2.269
1993-03-10,1.975
1993-03-11,0.313
1993-03-12,0.01
1993-03-13,0.002
1993-03-14,0.012
1993-03-15,0.022
1993-03-16,0.163
1993-03-17,0.216
1993-03-18,0.036
1993-03-19,0.119
1993-03-20,0.12
1993-03-21,0.01
1993-03-22,0.145
1993-03-23,0.074
1993-03-24,0.01
1993-03-25,0.108
1993-03-26,0.037
1993-03-27,0.062
1993-03-28,0.051
1993-03-29,0.111
1993-03-30,0.117
1993-03-31,0.034
1993-04-01,0.047
1993-04-02,0.026
1993-04-03,0.063
1993-04-04,0.231
1993-04-05,0.165
1993-04-06,0.338
1993-04-07,0.547
1993-04-08,0.14
1993-04-09,0.113
1993-04-10,0.07
1993-04-11,0.195
1993-04-12,0.097
1993-04-13,0.018
1993-04-14,0.051
1993-04-15,0.075
1993-04-16,0.023
1993-04-17,0.009
1993-04-18,0.025
1993-04-19,0.223
1993-04-20,0.923
1993-04-21,0.858
1993-04-22,0.969
1993-04-23,0.395
1993-04-24,0.214
1993-04-25,0.129
1993-04-26,0.438
1993-04-27,0.265
1993-04-28,0.12
1993-04-29,0.745
1993-04-30,0.656
1993-05-01,0.22
1993-05-02,0.159
1993-05-03,0.244
1993-05-04,0.197
1993-05-05,0.227
1993-05-06,0.137
1993-05-07,0.24
1993-05-08,0.49
1993-05-09,0.441
1993-05-10,0.412
1993-05-11,0.138
1993-05-12,0.267
1993-05-13,0.077
1993-05-14,0.047
1993-05-15,0.43
1993-05-16,0.101
1993-05-17,0.213
1993-05-18,0.312
1993-05-19,0.605
1993-05-20,0.781
1993-05-21,0.258
1993-05-22,0.125
1993-05-23,0.025
1993-05-24,0.104
1993-05-25,0.037
1993-05-26,0.034
1993-05-27,0.031
1993-05-28,0.002
1993-05-29,0.0
1993-05-30,0.005
1993-05-31,0.164
1993-06-01,0.063
1993-06-02,0.058
1993-06-03,0.101
1993-06-04,0.212
1993-06-05,0.133
1993-06-06,0.134
1993-06-07,0.133
1993-06-08,0.3
1993-06-09,0.158
1993-06-10,0.179
1993-06-11,0.273
1993-06-12,0.404
1993-06-13,0.073
1993-06-14,0.086
1993-06-15,0.093
1993-06-16,0.422
1993-06-17,0.224
1993-06-18,0.066
1993-06-19,0.161
1993-06-20,0.101
1993-06-21,0.046
1993-06-22,0.056
1993-06-23,0.119
1993-06-24,0.322
1993-06-25,0.295
1993-06-26,0.267
1993-06-27,0.334
1993-06-28,0.437
1993-06-29,0.52
1993-06-30,0.53
1993-07-01,0.203
1993-07-02,0.246
1993-07-03,0.54
1993-07-04,0.25
1993-07-05,0.097
1993-07-06,0.243
1993-07-07,0.124
1993-07-08,0.179
1993-07-09,0.234
1993-07-10,0.024
1993-07-11,0.009
1993-07-12,0.161
1993-07-13,0.432
1993-07-14,0.337
1993-07-15,0.076
1993-07-16,0.136
1993-07-17,0.393
1993-07-18,0.935
1993-07-19,2.836
1993-07-20,0.989
1993-07-21,1.158
1993-07-22,1.851
1993-07-23,0.817
1993-07-24,0.83
1993-07-25,0.43
1993-07-26,0.723
1993-07-27,0.973
1993-07-28,0.647
1993-07-29,0.475
1993-07-30,0.357
1993-07-31,0.54
1993-08-01,0.304
1993-08-02,0.695
1993-08-03,0.109
1993-08-04,0.165
1993-08-05,0.053
1993-08-06,0.05
1993-08-07,0.349
1993-08-08,0.209
1993-08-09,0.354
1993-08-10,0.947
1993-08-11,1.18
1993-08-12,0.956
1993-08-13,0.26
1993-08-14,0.195
1993-08-15,0.057
1993-08-16,0.039
1993-08-17,0.002
1993-08-18,0.258
1993-08-19,0.07
1993-08-20,0.029
1993-08-21,0.195
1993-08-22,0.282
1993-08-23,0.444
1993-08-24,0.499
1993-08-25,0.055
1993-08-26,0.01
1993-08-27,0.065
1993-08-28,0.108
1993-08-29,0.058
1993-08-30,0.039
1993-08-31,0.511
1993-09-01,0.154
1993-09-02,0.003
1993-09-03,0.011
1993-09-04,0.038
1993-09-05,0.095
1993-09-06,0.031
1993-09-07,0.054
1993-09-08,0.222
1993-09-09,0.592
1993-09-10,0.232
1993-09-11,0.537
1993-09-12,0.122
1993-09-13,0.072
1993-09-14,0.047
1993-09-15,0.16
1993-09-16,0.14
1993-09-17,0.138
1993-09-18,0.145
1993-09-19,0.692
1993-09-20,0.587
1993-09-21,0.027
1993-09-22,0.001
1993-09-23,0.045
1993-09-24,0.219
1993-09-25,0.079
1993-09-26,0.009
1993-09-27,0.0
1993-09-28,0.014
1993-09-29,0.259
1993-09-30,0.187
1993-10-01,0.016
1993-10-02,0.601
1993-10-03,1.722
1993-10-04,0.115
1993-10-05,0.01
1993-10-06,0.007
1993-10-07,0.011
1993-10-08,0.053
1993-10-09,0.068
1993-10-10,0.229
1993-10-11,0.21
1993-10-12,0.384
1993-10-13,0.377
1993-10-14,0.235
1993-10-15,0.118
1993-10-16,0.965
1993-10-17,0.486
1993-10-18,0.083
1993-10-19,0.021
1993-10-20,0.084
1993-10-21,0.512
1993-10-22,0.783
1993-10-23,1.067
1993-10-24,0.147
1993-10-25,0.186
1993-10-26,0.115
1993-10-27,0.032
1993-10-28,0.048
1993-10-29,0.133
1993-10-30,0.617
1993-10-31,0.349
1993-11-01,0.226
1993-11-02,0.097
1993-11-03,0.244
1993-11-04,0.235
1993-11-05,0.064
1993-11-06,0.123
1993-11-07,0.077
1993-11-08,0.996
1993-11-09,0.449
1993-11-10,0.046
1993-11-11,0.033
1993-11-12,0.026
1993-11-13,0.125
1993-11-14,1.065
1993-11-15,0.49
1993-11-16,0.896
1993-11-17,0.457
1993-11-18,0.423
1993-11-19,0.148
1993-11-20,0.085
1993-11-21,0.055
1993-11-22,0.132
1993-11-23,0.561
1993-11-24,0.209
1993-11-25,0.154
1993-11-26,0.337
1993-11-27,0.518
1993-11-28,0.586
1993-11-29,0.549
1993-11-30,0.622
1993-12-01,0.355
1993-12-02,0.493
1993-12-03,0.72
1993-12-04,0.636
1993-12-05,0.34
1993-12-06,0.168
1993-12-07,0.642
1993-12-08,0.399
1993-12-09,0.022
1993-12-10,0.033
1993-12-11,0.533
1993-12-12,0.376
1993-12-13,0.305
1993-12-14,0.259
1993-12-15,0.649
1993-12-16,2.927
1993-12-17,2.511
1993-12-18,1.624
1993-12-19,0.834
1993-12-20,0.445
1993-12-21,0.145
1993-12-22,0.048
1993-12-23,0.098
1993-12-24,0.074
1993-12-25,0.029
1993-12-26,0.0
1993-12-27,0.0
1993-12-28,0.0
1993-12-29,0.004
1993-12-30,0.005
1993-12-31,0.001
1994-01-01,0.0
1994-01-02,0.203
1994-01-03,0.14
1994-01-04,0.066
1994-01-05,0.04
1994-01-06,0.108
1994-01-07,0.082
1994-01-08,0.015
1994-01-09,0.014
1994-01-10,0.033
1994-01-11,0.103
1994-01-12,0.11
1994-01-13,0.104
1994-01-14,0.089
1994-01-15,0.062
1994-01-16,0.646
1994-01-17,0.949
1994-01-18,0.611
1994-01-19,0.789
1994-01-20,1.982
1994-01-21,0.456
1994-01-22,0.377
1994-01-23,0.489
1994-01-24,0.959
1994-01-25,1.157
1994-01-26,0.549
1994-01-27,0.07
1994-01-28,0.002
1994-01-29,0.0
1994-01-30,0.0
1994-01-31,0.013
1994-02-01,0.032
1994-02-02,0.087
1994-02-03,0.442
1994-02-04,0.852
1994-02-05,1.33
1994-02-06,0.263
1994-02-07,0.407
1994-02-08,1.769
1994-02-09,1.567
1994-02-10,1.471
1994-02-11,2.602
1994-02-12,1.784
1994-02-13,0.453
1994-02-14,0.238
1994-02-15,0.206
1994-02-16,0.904
1994-02-17,5.588
1994-02-18,1.335
1994-02-19,0.113
1994-02-20,0.378
1994-02-21,0.178
1994-02-22,0.001
1994-02-23,0.363
1994-02-24,0.312
1994-02-25,0.644
1994-02-26,0.4
1994-02-27,0.008
1994-02-28,0.004
1994-03-01,0.003
1994-03-02,0.001
1994-03-03,0.001
1994-03-04,0.052
1994-03-05,0.042
1994-03-06,0.021
1994-03-07,0.002
1994-03-08,0.006
1994-03-09,0.052
1994-03-10,0.038
1994-03-11,0.18
1994-03-12,1.054
1994-03-13,0.48
1994-03-14,0.393
1994-03-15,0.491
1994-03-16,0.337
1994-03-17,0.191
1994-03-18,0.223
1994-03-19,0.339
1994-03-20,0.661
1994-03-21,0.91
1994-03-22,1.835
1994-03-23,2.89
1994-03-24,4.984
1994-03-25,1.696
1994-03-26,0.574
1994-03-27,0.206
1994-03-28,0.635
1994-03-29,0.095
1994-03-30,0.417
1994-03-31,0.211
1994-04-01,0.09
1994-04-02,0.125
1994-04-03,0.408
1994-04-04,0.551
1994-04-05,0.189
1994-04-06,0.278
1994-04-07,0.397
1994-04-08,0.528
1994-04-09,1.017
1994-04-10,0.272
1994-04-11,0.479
1994-04-12,0.643
1994-04-13,0.222
1994-04-14,0.06
1994-04-15,0.038
1994-04-16,0.019
1994-04-17,0.213
1994-04-18,0.322
1994-04-19,0.367
1994-04-20,0.505
1994-04-21,0.441
1994-04-22,0.21
1994-04-23,0.284
1994-04-24,0.156
1994-04-25,0.186
1994-04-26,0.224
1994-04-27,0.328
1994-04-28,0.213
1994-04-29,0.178
1994-04-30,0.529
1994-05-01,0.36
1994-05-02,0.227
1994-05-03,0.185
1994-05-04,0.154
1994-05-05,0.059
1994-05-06,0.034
1994-05-07,0.131
1994-05-08,0.096
1994-05-09,0.003
1994-05-10,0.004
1994-05-11,0.038
1994-05-12,0.448
1994-05-13,0.383
1994-05-14,0.681
1994-05-15,0.349
1994-05-16,0.238
1994-05-17,0.2
1994-05-18,0.166
1994-05-19,0.221
1994-05-20,0.306
1994-05-21,0.487
1994-05-22,0.183
1994-05-23,0.56
1994-05-24,0.272
1994-05-25,0.42
1994-05-26,0.405
1994-05-27,0.287
1994-05-28,0.23
1994-05-29,0.25
1994-05-30,0.202
1994-05-31,0.079
1994-06-01,0.059
1994-06-02,0.095
1994-06-03,0.179
1994-06-04,0.436
1994-06-05,0.785
1994-06-06,0.569
1994-06-07,0.117
1994-06-08,0.108
1994-06-09,0.076
1994-06-10,0.066
1994-06-11,0.155
1994-06-12,0.19
1994-06-13,0.663
1994-06-14,0.659
1994-06-15,0.259
1994-06-16,0.114
1994-06-17,0.212
1994-06-18,1.403
1994-06-19,1.394
1994-06-20,0.425
1994-06-21,0.49
1994-06-22,0.436
1994-06-23,0.214
1994-06-24,0.374
1994-06-25,0.478
1994-06-26,0.557
1994-06-27,0.414
1994-06-28,0.438
1994-06-29,0.614
1994-06-30,1.048
1994-07-01,0.591
1994-07-02,0.147
1994-07-03,0.107
1994-07-04,0.247
1994-07-05,0.646
1994-07-06,0.349
1994-07-07,0.266
1994-07-08,0.107
1994-07-09,0.047
1994-07-10,0.029
1994-07-11,0.021
1994-07-12,0.004
1994-07-13,0.052
1994-07-14,1.407
1994-07-15,1.28
1994-07-16,0.457
1994-07-17,1.291
1994-07-18,0.407
1994-07-19,0.119
1994-07-20,0.306
1994-07-21,1.029
1994-07-22,0.365
1994-07-23,0.891
1994-07-24,0.451
1994-07-25,0.368
1994-07-26,0.212
1994-07-27,0.035
1994-07-28,0.231
1994-07-29,0.154
1994-07-30,0.101
1994-07-31,0.27
1994-08-01,0.095
1994-08-02,0.279
1994-08-03,0.919
1994-08-04,0.431
1994-08-05,0.346
1994-08-06,0.292
1994-08-07,0.148
1994-08-08,0.064
1994-08-09,0.077
1994-08-10,0.204
1994-08-11,1.379
1994-08-12,2.142
1994-08-13,0.58
1994-08-14,0.028
1994-08-15,0.243
1994-08-16,0.231
1994-08-17,0.289
1994-08-18,0.459
1994-08-19,0.257
1994-08-20,0.086
1994-08-21,0.155
1994-08-22,0.608
1994-08-23,1.063
1994-08-24,0.362
1994-08-25,0.227
1994-08-26,0.144
1994-08-27,0.171
1994-08-28,0.266
1994-08-29,0.04
1994-08-30,0.245
1994-08-31,1.61
1994-09-01,1.113
1994-09-02,0.505
1994-09-03,0.753
1994-09-04,0.219
1994-09-05,0.119
1994-09-06,0.47
1994-09-07,0.175
1994-09-08,0.149
1994-09-09,0.251
1994-09-10,0.59
1994-09-11,0.266
1994-09-12,0.704
1994-09-13,0.813
1994-09-14,0.168
1994-09-15,0.069
1994-09-16,0.294
1994-09-17,2.088
1994-09-18,3.623
1994-09-19,5.737
1994-09-20,0.607
1994-09-21,0.051
1994-09-22,0.312
1994-09-23,0.157
1994-09-24,0.022
1994-09-25,0.162
1994-09-26,0.066
1994-09-27,0.361
1994-09-28,0.094
1994-09-29,0.013
1994-09-30,0.092
1994-10-01,0.131
1994-10-02,0.015
1994-10-03,0.065
1994-10-04,0.1
1994-10-05,0.036
1994-10-06,0.009
1994-10-07,0.001
1994-10-08,0.03
1994-10-09,0.071
1994-10-10,0.088
1994-10-11,0.452
1994-10-12,0.609
1994-10-13,0.588
1994-10-14,0.309
1994-10-15,0.237
1994-10-16,0.874
1994-10-17,0.391
1994-10-18,0.835
1994-10-19,0.418
1994-10-20,0.151
1994-10-21,0.23
1994-10-22,0.498
1994-10-23,0.103
1994-10-24,0.301
1994-10-25,0.103
1994-10-26,0.528
1994-10-27,0.735
1994-10-28,0.118
1994-10-29,0.081
1994-10-30,0.18
1994-10-31,0.211
1994-11-01,0.373
1994-11-02,0.481
1994-11-03,0.291
1994-11-04,0.919
1994-11-05,0.971
1994-11-06,0.733
1994-11-07,1.027
1994-11-08,0.596
1994-11-09,1.398
1994-11-10,1.579
1994-11-11,0.971
1994-11-12,1.557
1994-11-13,1.163
1994-11-14,2.107
1994-11-15,5.136
1994-11-16,3.044
1994-11-17,1.689
1994-11-18,1.076
1994-11-19,0.732
1994-11-20,0.328
1994-11-21,0.406
1994-11-22,0.509
1994-11-23,0.528
1994-11-24,1.086
1994-11-25,1.419
1994-11-26,0.767
1994-11-27,0.15
1994-11-28,1.936
1994-11-29,2.206
1994-11-30,1.214
1994-12-01,0.527
1994-12-02,0.189
1994-12-03,0.088
1994-12-04,0.152
1994-12-05,0.255
1994-12-06,0.477
1994-12-07,0.891
1994-12-08,0.767
1994-12-09,0.477
1994-12-10,0.551
1994-12-11,0.223
1994-12-12,0.041
1994-12-13,0.022
1994-12-14,0.46
1994-12-15,0.505
1994-12-16,0.183
1994-12-17,0.017
1994-12-18,0.018
1994-12-19,0.015
1994-12-20,0.004
1994-12-21,0.001
1994-12-22,0.002
1994-12-23,0.003
1994-12-24,0.003
1994-12-25,0.014
1994-12-26,0.169
1994-12-27,0.046
1994-12-28,0.074
1994-12-29,0.211
1994-12-30,0.037
1994-12-31,0.001
1995-01-01,0.0
1995-01-02,0.0
1995-01-03,0.009
1995-01-04,0.005
1995-01-05,0.086
1995-01-06,0.024
1995-01-07,0.0
1995-01-08,0.0
1995-01-09,0.002
1995-01-10,0.001
1995-01-11,0.0
1995-01-12,0.234
1995-01-13,1.031
1995-01-14,1.837
1995-01-15,0.834
1995-01-16,0.806
1995-01-17,0.225
1995-01-18,0.018
1995-01-19,0.001
1995-01-20,0.001
1995-01-21,0.0
1995-01-22,0.0
1995-01-23,0.0
1995-01-24,0.0
1995-01-25,0.0
1995-01-26,0.0
1995-01-27,0.0
1995-01-28,0.0
1995-01-29,0.0
1995-01-30,0.0
1995-01-31,0.018
1995-02-01,0.008
1995-02-02,0.009
1995-02-03,0.009
1995-02-04,0.167
1995-02-05,0.182
1995-02-06,0.014
1995-02-07,0.001
1995-02-08,0.001
1995-02-09,0.001
1995-02-10,0.006
1995-02-11,0.003
1995-02-12,0.0
1995-02-13,0.001
1995-02-14,0.068
1995-02-15,0.24
1995-02-16,0.034
1995-02-17,0.007
1995-02-18,0.0
1995-02-19,0.001
1995-02-20,0.016
1995-02-21,0.009
1995-02-22,0.0
1995-02-23,0.001
1995-02-24,0.0
1995-02-25,0.451
1995-02-26,0.152
1995-02-27,0.017
1995-02-28,0.007
1995-03-01,0.0
1995-03-02,0.0
1995-03-03,0.018
1995-03-04,0.038
1995-03-05,0.006
1995-03-06,0.053
1995-03-07,0.103
1995-03-08,0.002
1995-03-09,0.015
1995-03-10,0.022
1995-03-11,0.002
1995-03-12,0.004
1995-03-13,0.374
1995-03-14,0.125
1995-03-15,0.012
1995-03-16,0.003
1995-03-17,0.029
1995-03-18,0.034
1995-03-19,0.032
1995-03-20,0.028
1995-03-21,0.666
1995-03-22,0.54
1995-03-23,0.633
1995-03-24,0.142
1995-03-25,0.047
1995-03-26,0.115
1995-03-27,0.201
1995-03-28,0.304
1995-03-29,0.528
1995-03-30,0.419
1995-03-31,0.185
1995-04-01,0.069
1995-04-02,0.041
1995-04-03,0.341
1995-04-04,0.221
1995-04-05,0.087
1995-04-06,0.038
1995-04-07,0.012
1995-04-08,0.002
1995-04-09,0.005
1995-04-10,0.019
1995-04-11,0.1
1995-04-12,0.449
1995-04-13,0.084
1995-04-14,0.208
1995-04-15,0.934
1995-04-16,0.53
1995-04-17,0.282
1995-04-18,0.183
1995-04-19,0.094
1995-04-20,0.124
1995-04-21,0.278
1995-04-22,1.977
1995-04-23,1.946
1995-04-24,0.78
1995-04-25,0.279
1995-04-26,0.041
1995-04-27,0.005
1995-04-28,0.02
1995-04-29,0.009
1995-04-30,0.069
1995-05-01,0.413
1995-05-02,0.204
1995-05-03,0.124
1995-05-04,0.094
1995-05-05,0.013
1995-05-06,0.519
1995-05-07,0.623
1995-05-08,0.021
1995-05-09,0.02
1995-05-10,0.151
1995-05-11,0.426
1995-05-12,0.304
1995-05-13,0.425
1995-05-14,0.512
1995-05-15,0.174
1995-05-16,0.364
1995-05-17,0.128
1995-05-18,0.032
1995-05-19,0.008
1995-05-20,0.039
1995-05-21,0.198
1995-05-22,0.041
1995-05-23,0.085
1995-05-24,0.154
1995-05-25,0.192
1995-05-26,0.381
1995-05-27,0.952
1995-05-28,0.581
1995-05-29,0.201
1995-05-30,0.251
1995-05-31,0.162
1995-06-01,0.165
1995-06-02,0.177
1995-06-03,0.155
1995-06-04,0.299
1995-06-05,0.106
1995-06-06,0.097
1995-06-07,0.164
1995-06-08,0.227
1995-06-09,0.222
1995-06-10,0.291
1995-06-11,0.466
1995-06-12,0.131
1995-06-13,0.05
1995-06-14,0.2
1995-06-15,0.077
1995-06-16,0.014
1995-06-17,0.02
1995-06-18,0.123
1995-06-19,0.213
1995-06-20,0.509
1995-06-21,0.167
1995-06-22,0.132
1995-06-23,0.04
1995-06-24,0.005
1995-06-25,0.0
1995-06-26,0.0
1995-06-27,0.007
1995-06-28,0.024
1995-06-29,0.225
1995-06-30,0.253
1995-07-01,0.132
1995-07-02,0.193
1995-07-03,0.149
1995-07-04,0.127
1995-07-05,0.198
1995-07-06,0.315
1995-07-07,0.195
1995-07-08,0.29
1995-07-09,0.233
1995-07-10,0.47
1995-07-11,0.883
1995-07-12,0.506
1995-07-13,0.086
1995-07-14,0.028
1995-07-15,0.265
1995-07-16,0.261
1995-07-17,0.123
1995-07-18,0.107
1995-07-19,1.369
1995-07-20,1.262
1995-07-21,0.849
1995-07-22,0.421
1995-07-23,0.669
1995-07-24,0.284
1995-07-25,0.317
1995-07-26,0.919
1995-07-27,1.69
1995-07-28,0.439
1995-07-29,0.181
1995-07-30,0.121
1995-07-31,0.125
1995-08-01,0.544
1995-08-02,0.332
1995-08-03,0.157
1995-08-04,0.08
1995-08-05,0.06
1995-08-06,0.099
1995-08-07,0.185
1995-08-08,0.122
1995-08-09,0.225
1995-08-10,0.063
1995-08-11,0.217
1995-08-12,1.42
1995-08-13,0.393
1995-08-14,0.473
1995-08-15,0.368
1995-08-16,0.18
1995-08-17,0.1
1995-08-18,0.003
1995-08-19,0.025
1995-08-20,0.074
1995-08-21,0.173
1995-08-22,0.724
1995-08-23,0.238
1995-08-24,0.636
1995-08-25,0.45
1995-08-26,1.052
1995-08-27,1.595
1995-08-28,1.387
1995-08-29,0.601
1995-08-30,0.837
1995-08-31,0.581
1995-09-01,0.284
1995-09-02,0.272
1995-09-03,0.209
1995-09-04,0.359
1995-09-05,0.131
1995-09-06,0.049
1995-09-07,0.004
1995-09-08,0.031
1995-09-09,0.035
1995-09-10,0.026
1995-09-11,0.008
1995-09-12,0.003
1995-09-13,0.012
1995-09-14,0.01
1995-09-15,0.021
1995-09-16,0.004
1995-09-17,0.003
1995-09-18,0.002
1995-09-19,0.0
1995-09-20,0.003
1995-09-21,0.007
1995-09-22,0.003
1995-09-23,0.005
1995-09-24,0.04
1995-09-25,0.094
1995-09-26,0.111
1995-09-27,1.173
1995-09-28,0.622
1995-09-29,0.428
1995-09-30,0.526
1995-10-01,0.187
1995-10-02,0.166
1995-10-03,0.124
1995-10-04,0.064
1995-10-05,0.061
1995-10-06,0.313
1995-10-07,0.469
1995-10-08,0.535
1995-10-09,0.864
1995-10-10,0.649
1995-10-11,0.383
1995-10-12,0.08
1995-10-13,0.059
1995-10-14,0.244
1995-10-15,0.136
1995-10-16,0.035
1995-10-17,0.145
1995-10-18,0.391
1995-10-19,0.636
1995-10-20,0.258
1995-10-21,0.312
1995-10-22,0.378
1995-10-23,0.107
1995-10-24,0.159
1995-10-25,0.297
1995-10-26,0.185
1995-10-27,0.011
1995-10-28,0.019
1995-10-29,0.07
1995-10-30,0.168
1995-10-31,0.034
1995-11-01,0.294
1995-11-02,0.408
1995-11-03,0.206
1995-11-04,0.157
1995-11-05,0.038
1995-11-06,0.031
1995-11-07,0.774
1995-11-08,1.277
1995-11-09,0.752
1995-11-10,1.132
1995-11-11,0.402
1995-11-12,0.062
1995-11-13,0.003
1995-11-14,0.002
1995-11-15,0.011
1995-11-16,0.011
1995-11-17,0.01
1995-11-18,0.001
1995-11-19,0.016
1995-11-20,0.009
1995-11-21,0.007
1995-11-22,0.021
1995-11-23,0.054
1995-11-24,0.116
1995-11-25,0.447
1995-11-26,0.094
1995-11-27,0.412
1995-11-28,0.258
1995-11-29,0.611
1995-11-30,1.01
1995-12-01,0.324
1995-12-02,0.023
1995-12-03,0.001
1995-12-04,0.01
1995-12-05,0.046
1995-12-06,0.035
1995-12-07,0.033
1995-12-08,0.003
1995-12-09,0.0
1995-12-10,0.0
1995-12-11,0.0
1995-12-12,0.001
1995-12-13,0.107
1995-12-14,0.086
1995-12-15,0.533
1995-12-16,0.6
1995-12-17,0.438
1995-12-18,0.193
1995-12-19,0.02
1995-12-20,0.028
1995-12-21,0.015
1995-12-22,0.001
1995-12-23,0.001
1995-12-24,0.012
1995-12-25,0.149
1995-12-26,0.233
1995-12-27,0.093
1995-12-28,0.001
1995-12-29,0.002
1995-12-30,0.016
1995-12-31,0.165
1996-01-01,0.096
1996-01-02,0.018
1996-01-03,0.012
1996-01-04,0.002
1996-01-05,0.0
1996-01-06,0.0
1996-01-07,1.151
1996-01-08,0.758
1996-01-09,0.049
1996-01-10,0.001
1996-01-11,0.005
1996-01-12,0.048
1996-01-13,0.021
1996-01-14,0.001
1996-01-15,0.001
1996-01-16,0.022
1996-01-17,0.581
1996-01-18,0.927
1996-01-19,0.803
1996-01-20,0.498
1996-01-21,0.587
1996-01-22,0.627
1996-01-23,0.43
1996-01-24,1.282
1996-01-25,2.911
1996-01-26,0.402
1996-01-27,0.114
1996-01-28,0.31
1996-01-29,0.047
1996-01-30,0.151
1996-01-31,0.02
1996-02-01,0.004
1996-02-02,0.001
1996-02-03,0.0
1996-02-04,0.0
1996-02-05,0.001
1996-02-06,0.001
1996-02-07,0.001
1996-02-08,0.001
1996-02-09,0.003
1996-02-10,0.007
1996-02-11,0.003
1996-02-12,0.0
1996-02-13,0.001
1996-02-14,0.283
1996-02-15,0.527
1996-02-16,0.322
1996-02-17,0.054
1996-02-18,0.134
1996-02-19,0.28
1996-02-20,0.934
1996-02-21,0.51
1996-02-22,0.679
1996-02-23,0.805
1996-02-24,1.478
1996-02-25,1.998
1996-02-26,2.217
1996-02-27,0.789
1996-02-28,0.489
1996-02-29,0.433
1996-03-01,0.473
1996-03-02,3.826
1996-03-03,3.051
1996-03-04,0.031
1996-03-05,0.011
1996-03-06,0.005
1996-03-07,0.0
1996-03-08,0.0
1996-03-09,0.0
1996-03-10,0.015
1996-03-11,0.049
1996-03-12,0.429
1996-03-13,0.092
1996-03-14,0.211
1996-03-15,0.166
1996-03-16,0.224
1996-03-17,0.148
1996-03-18,0.189
1996-03-19,0.044
1996-03-20,0.01
1996-03-21,0.071
1996-03-22,0.018
1996-03-23,0.086
1996-03-24,0.269
1996-03-25,0.044
1996-03-26,0.16
1996-03-27,0.692
1996-03-28,0.539
1996-03-29,0.683
1996-03-30,1.033
1996-03-31,2.543
1996-04-01,0.591
1996-04-02,0.171
1996-04-03,0.528
1996-04-04,0.041
1996-04-05,0.01
1996-04-06,0.003
1996-04-07,0.005
1996-04-08,0.017
1996-04-09,0.128
1996-04-10,0.286
1996-04-11,0.096
1996-04-12,0.015
1996-04-13,0.133
1996-04-14,0.43
1996-04-15,0.503
1996-04-16,0.478
1996-04-17,0.213
1996-04-18,0.384
1996-04-19,0.596
1996-04-20,0.418
1996-04-21,0.272
1996-04-22,0.079
1996-04-23,0.02
1996-04-24,0.054
1996-04-25,0.109
1996-04-26,0.123
1996-04-27,0.202
1996-04-28,0.083
1996-04-29,0.025
1996-04-30,0.096
1996-05-01,0.23
1996-05-02,0.017
1996-05-03,0.0
1996-05-04,0.0
1996-05-05,0.054
1996-05-06,0.028
1996-05-07,0.006
1996-05-08,0.071
1996-05-09,0.128
1996-05-10,0.079
1996-05-11,0.026
1996-05-12,0.067
1996-05-13,0.021
1996-05-14,0.023
1996-05-15,0.041
1996-05-16,0.133
1996-05-17,0.259
1996-05-18,0.611
1996-05-19,0.193
1996-05-20,0.037
1996-05-21,0.003
1996-05-22,0.011
1996-05-23,0.11
1996-05-24,0.125
1996-05-25,0.076
1996-05-26,0.301
1996-05-27,0.183
1996-05-28,0.293
1996-05-29,0.209
1996-05-30,0.256
1996-05-31,0.045
1996-06-01,0.012
1996-06-02,0.054
1996-06-03,0.022
1996-06-04,0.061
1996-06-05,0.101
1996-06-06,0.092
1996-06-07,0.073
1996-06-08,0.326
1996-06-09,0.096
1996-06-10,0.277
1996-06-11,0.03
1996-06-12,0.005
1996-06-13,0.018
1996-06-14,0.02
1996-06-15,0.092
1996-06-16,0.446
1996-06-17,0.478
1996-06-18,1.688
1996-06-19,1.189
1996-06-20,0.247
1996-06-21,0.166
1996-06-22,0.174
1996-06-23,0.983
1996-06-24,1.26
1996-06-25,0.667
1996-06-26,0.153
1996-06-27,0.16
1996-06-28,0.102
1996-06-29,0.4
1996-06-30,0.35
1996-07-01,0.459
1996-07-02,0.338
1996-07-03,0.191
1996-07-04,0.474
1996-07-05,1.293
1996-07-06,0.518
1996-07-07,0.028
1996-07-08,0.061
1996-07-09,0.271
1996-07-10,0.845
1996-07-11,0.672
1996-07-12,0.349
1996-07-13,0.092
1996-07-14,0.157
1996-07-15,0.576
1996-07-16,0.471
1996-07-17,0.316
1996-07-18,0.232
1996-07-19,0.366
1996-07-20,0.289
1996-07-21,0.598
1996-07-22,0.662
1996-07-23,0.059
1996-07-24,0.003
1996-07-25,0.018
1996-07-26,1.225
1996-07-27,0.409
1996-07-28,0.038
1996-07-29,0.155
1996-07-30,0.172
1996-07-31,0.164
1996-08-01,0.178
1996-08-02,0.141
1996-08-03,0.113
1996-08-04,0.174
1996-08-05,0.296
1996-08-06,0.205
1996-08-07,0.087
1996-08-08,0.017
1996-08-09,0.0
1996-08-10,0.104
1996-08-11,0.107
1996-08-12,0.937
1996-08-13,0.974
1996-08-14,0.185
1996-08-15,0.256
1996-08-16,0.331
1996-08-17,0.197
1996-08-18,0.121
1996-08-19,0.082
1996-08-20,0.02
1996-08-21,0.006
1996-08-22,0.004
1996-08-23,0.009
1996-08-24,0.003
1996-08-25,0.007
1996-08-26,0.012
1996-08-27,0.002
1996-08-28,0.0
1996-08-29,0.0
1996-08-30,0.006
1996-08-31,0.042
1996-09-01,0.141
1996-09-02,0.377
1996-09-03,0.309
1996-09-04,0.102
1996-09-05,0.066
1996-09-06,0.186
1996-09-07,1.419
1996-09-08,0.189
1996-09-09,0.07
1996-09-10,0.485
1996-09-11,0.542
1996-09-12,0.513
1996-09-13,0.221
1996-09-14,0.232
1996-09-15,0.325
1996-09-16,0.188
1996-09-17,0.193
1996-09-18,0.162
1996-09-19,0.053
1996-09-20,0.091
1996-09-21,0.042
1996-09-22,0.086
1996-09-23,0.244
1996-09-24,0.208
1996-09-25,0.268
1996-09-26,0.073
1996-09-27,0.004
1996-09-28,0.0
1996-09-29,0.001
1996-09-30,0.0
1996-10-01,0.0
1996-10-02,0.004
1996-10-03,0.007
1996-10-04,0.01
1996-10-05,0.014
1996-10-06,0.025
1996-10-07,0.035
1996-10-08,0.03
1996-10-09,0.01
1996-10-10,0.01
1996-10-11,0.012
1996-10-12,0.06
1996-10-13,0.212
1996-10-14,0.613
1996-10-15,0.856
1996-10-16,0.884
1996-10-17,0.99
1996-10-18,1.704
1996-10-19,1.465
1996-10-20,0.293
1996-10-21,0.153
1996-10-22,0.455
1996-10-23,0.434
1996-10-24,0.31
1996-10-25,0.083
1996-10-26,0.21
1996-10-27,0.197
1996-10-28,0.232
1996-10-29,0.191
1996-10-30,0.19
1996-10-31,0.492
1996-11-01,0.234
1996-11-02,0.179
1996-11-03,0.304
1996-11-04,0.886
1996-11-05,0.455
1996-11-06,0.525
1996-11-07,0.443
1996-11-08,0.487
1996-11-09,0.598
1996-11-10,0.234
1996-11-11,0.066
1996-11-12,0.12
1996-11-13,1.385
1996-11-14,0.161
1996-11-15,0.147
1996-11-16,0.045
1996-11-17,0.103
1996-11-18,0.048
1996-11-19,0.443
1996-11-20,0.425
1996-11-21,0.177
1996-11-22,0.117
1996-11-23,1.173
1996-11-24,0.959
1996-11-25,0.847
1996-11-26,0.476
1996-11-27,0.781
1996-11-28,0.353
1996-11-29,0.282
1996-11-30,0.404
1996-12-01,0.967
1996-12-02,0.754
1996-12-03,0.422
1996-12-04,0.453
1996-12-05,0.176
1996-12-06,0.156
1996-12-07,0.403
1996-12-08,0.34
1996-12-09,0.033
1996-12-10,0.006
1996-12-11,0.003
1996-12-12,0.141
1996-12-13,0.174
1996-12-14,0.134
1996-12-15,0.044
1996-12-16,0.008
1996-12-17,0.007
1996-12-18,0.053
1996-12-19,0.023
1996-12-20,0.003
1996-12-21,0.014
1996-12-22,0.074
1996-12-23,0.07
1996-12-24,0.176
1996-12-25,0.027
1996-12-26,0.008
1996-12-27,0.002
1996-12-28,0.0
1996-12-29,0.002
1996-12-30,0.0
1996-12-31,0.016
1997-01-01,0.12
1997-01-02,0.145
1997-01-03,0.016
1997-01-04,0.036
1997-01-05,0.106
1997-01-06,0.026
1997-01-07,0.002
1997-01-08,0.0
1997-01-09,0.012
1997-01-10,0.024
1997-01-11,0.058
1997-01-12,0.002
1997-01-13,0.003
1997-01-14,0.001
1997-01-15,0.021
1997-01-16,0.035
1997-01-17,0.059
1997-01-18,0.079
1997-01-19,0.215
1997-01-20,0.499
1997-01-21,0.023
1997-01-22,0.099
1997-01-23,0.035
1997-01-24,0.0
1997-01-25,0.0
1997-01-26,0.001
1997-01-27,0.002
1997-01-28,0.0
1997-01-29,0.001
1997-01-30,0.005
1997-01-31,0.04
1997-02-01,0.019
1997-02-02,0.004
1997-02-03,0.015
1997-02-04,0.019
1997-02-05,0.074
1997-02-06,0.216
1997-02-07,0.133
1997-02-08,0.235
1997-02-09,0.519
1997-02-10,0.77
1997-02-11,0.292
1997-02-12,0.163
1997-02-13,0.142
1997-02-14,0.117
1997-02-15,0.17
1997-02-16,0.176
1997-02-17,0.094
1997-02-18,0.094
1997-02-19,0.219
1997-02-20,0.077
1997-02-21,0.18
1997-02-22,1.179
1997-02-23,0.471
1997-02-24,0.126
1997-02-25,0.745
1997-02-26,1.513
1997-02-27,1.27
1997-02-28,0.608
1997-03-01,0.338
1997-03-02,0.418
1997-03-03,0.493
1997-03-04,1.406
1997-03-05,1.084
1997-03-06,0.654
1997-03-07,0.509
1997-03-08,0.627
1997-03-09,0.516
1997-03-10,0.997
1997-03-11,0.711
1997-03-12,0.061
1997-03-13,0.02
1997-03-14,0.061
1997-03-15,0.044
1997-03-16,0.048
1997-03-17,0.136
1997-03-18,0.137
1997-03-19,0.212
1997-03-20,0.078
1997-03-21,0.011
1997-03-22,0.03
1997-03-23,0.27
1997-03-24,1.929
1997-03-25,1.728
1997-03-26,1.48
1997-03-27,1.399
1997-03-28,1.12
1997-03-29,0.463
1997-03-30,0.115
1997-03-31,0.07
1997-04-01,0.039
1997-04-02,0.586
1997-04-03,0.092
1997-04-04,0.018
1997-04-05,0.044
1997-04-06,0.076
1997-04-07,0.007
1997-04-08,0.353
1997-04-09,0.502
1997-04-10,0.195
1997-04-11,0.198
1997-04-12,0.519
1997-04-13,0.376
1997-04-14,0.324
1997-04-15,0.1
1997-04-16,0.023
1997-04-17,0.022
1997-04-18,0.0
1997-04-19,0.0
1997-04-20,0.009
1997-04-21,0.02
1997-04-22,0.036
1997-04-23,0.005
1997-04-24,0.036
1997-04-25,0.369
1997-04-26,0.532
1997-04-27,0.205
1997-04-28,0.105
1997-04-29,0.039
1997-04-30,0.03
1997-05-01,0.164
1997-05-02,0.16
1997-05-03,0.264
1997-05-04,0.21
1997-05-05,0.124
1997-05-06,0.057
1997-05-07,0.432
1997-05-08,0.07
1997-05-09,0.042
1997-05-10,0.054
1997-05-11,0.156
1997-05-12,0.946
1997-05-13,0.683
1997-05-14,1.375
1997-05-15,2.122
1997-05-16,1.036
1997-05-17,0.207
1997-05-18,0.111
1997-05-19,0.035
1997-05-20,0.036
1997-05-21,0.015
1997-05-22,0.002
1997-05-23,0.0
1997-05-24,0.131
1997-05-25,0.336
1997-05-26,0.175
1997-05-27,0.146
1997-05-28,0.256
1997-05-29,0.174
1997-05-30,0.061
1997-05-31,0.287
1997-06-01,0.853
1997-06-02,0.805
1997-06-03,0.425
1997-06-04,0.109
1997-06-05,0.137
1997-06-06,0.489
1997-06-07,1.078
1997-06-08,0.722
1997-06-09,0.143
1997-06-10,0.144
1997-06-11,0.731
1997-06-12,0.445
1997-06-13,0.109
1997-06-14,0.19
1997-06-15,0.167
1997-06-16,0.362
1997-06-17,0.399
1997-06-18,1.014
1997-06-19,0.737
1997-06-20,0.19
1997-06-21,1.025
1997-06-22,1.109
1997-06-23,0.332
1997-06-24,0.689
1997-06-25,1.994
1997-06-26,2.774
1997-06-27,1.311
1997-06-28,1.011
1997-06-29,1.343
1997-06-30,0.558
1997-07-01,0.309
1997-07-02,0.392
1997-07-03,0.278
1997-07-04,0.408
1997-07-05,0.332
1997-07-06,0.192
1997-07-07,0.259
1997-07-08,1.061
1997-07-09,0.884
1997-07-10,0.545
1997-07-11,0.431
1997-07-12,0.168
1997-07-13,0.03
1997-07-14,0.05
1997-07-15,0.171
1997-07-16,0.474
1997-07-17,0.783
1997-07-18,0.386
1997-07-19,0.1
1997-07-20,0.08
1997-07-21,0.565
1997-07-22,0.644
1997-07-23,0.267
1997-07-24,0.534
1997-07-25,0.787
1997-07-26,0.242
1997-07-27,0.109
1997-07-28,0.119
1997-07-29,3.447
1997-07-30,3.195
1997-07-31,0.115
1997-08-01,0.041
1997-08-02,0.179
1997-08-03,0.165
1997-08-04,0.1
1997-08-05,0.139
1997-08-06,0.119
1997-08-07,0.029
1997-08-08,0.018
1997-08-09,0.001
1997-08-10,0.009
1997-08-11,0.007
1997-08-12,0.0
1997-08-13,0.004
1997-08-14,0.028
1997-08-15,0.115
1997-08-16,0.096
1997-08-17,0.077
1997-08-18,0.035
1997-08-19,0.104
1997-08-20,0.323
1997-08-21,0.236
1997-08-22,0.193
1997-08-23,0.154
1997-08-24,0.39
1997-08-25,0.708
1997-08-26,0.339
1997-08-27,0.215
1997-08-28,0.266
1997-08-29,0.14
1997-08-30,0.335
1997-08-31,0.587
1997-09-01,0.226
1997-09-02,0.198
1997-09-03,0.141
1997-09-04,0.163
1997-09-05,0.226
1997-09-06,0.176
1997-09-07,0.361
1997-09-08,0.26
1997-09-09,0.179
1997-09-10,0.015
1997-09-11,0.093
1997-09-12,0.159
1997-09-13,0.408
1997-09-14,0.873
1997-09-15,0.515
1997-09-16,0.572
1997-09-17,0.399
1997-09-18,0.479
1997-09-19,0.107
1997-09-20,0.046
1997-09-21,0.173
1997-09-22,0.279
1997-09-23,0.4
1997-09-24,0.082
1997-09-25,0.563
1997-09-26,0.269
1997-09-27,0.355
1997-09-28,0.141
1997-09-29,0.149
1997-09-30,0.144
1997-10-01,0.111
1997-10-02,0.035
1997-10-03,0.132
1997-10-04,0.118
1997-10-05,0.469
1997-10-06,1.415
1997-10-07,3.335
1997-10-08,0.612
1997-10-09,0.067
1997-10-10,0.004
1997-10-11,0.002
1997-10-12,0.002
1997-10-13,0.151
1997-10-14,0.113
1997-10-15,0.118
1997-10-16,0.185
1997-10-17,0.09
1997-10-18,0.126
1997-10-19,0.307
1997-10-20,0.178
1997-10-21,0.279
1997-10-22,0.32
1997-10-23,0.11
1997-10-24,0.194
1997-10-25,0.294
1997-10-26,0.393
1997-10-27,0.252
1997-10-28,0.59
1997-10-29,0.165
1997-10-30,0.151
1997-10-31,0.121
1997-11-01,0.119
1997-11-02,0.304
1997-11-03,0.223
1997-11-04,1.048
1997-11-05,0.555
1997-11-06,0.016
1997-11-07,0.033
1997-11-08,0.192
1997-11-09,0.429
1997-11-10,0.057
1997-11-11,0.285
1997-11-12,0.589
1997-11-13,0.356
1997-11-14,0.039
1997-11-15,0.019
1997-11-16,0.009
1997-11-17,0.024
1997-11-18,0.297
1997-11-19,0.094
1997-11-20,0.045
1997-11-21,0.083
1997-11-22,0.223
1997-11-23,0.713
1997-11-24,0.562
1997-11-25,0.54
1997-11-26,0.389
1997-11-27,0.509
1997-11-28,0.857
1997-11-29,0.781
1997-11-30,0.395
1997-12-01,0.653
1997-12-02,0.369
1997-12-03,0.134
1997-12-04,0.037
1997-12-05,0.057
1997-12-06,0.216
1997-12-07,0.096
1997-12-08,0.184
1997-12-09,0.096
1997-12-10,0.009
1997-12-11,0.005
1997-12-12,0.001
1997-12-13,0.012
1997-12-14,0.015
1997-12-15,0.029
1997-12-16,0.508
1997-12-17,0.966
1997-12-18,0.804
1997-12-19,0.423
1997-12-20,0.522
1997-12-21,0.304
1997-12-22,0.4
1997-12-23,0.641
1997-12-24,0.206
1997-12-25,0.266
1997-12-26,0.231
1997-12-27,0.21
1997-12-28,0.105
1997-12-29,0.024
1997-12-30,0.0
1997-12-31,0.118
1998-01-01,0.055
1998-01-02,0.021
1998-01-03,0.008
1998-01-04,0.0
1998-01-05,0.009
1998-01-06,0.004
1998-01-07,0.012
1998-01-08,0.011
1998-01-09,0.002
1998-01-10,0.035
1998-01-11,0.014
1998-01-12,0.002
1998-01-13,0.008
1998-01-14,0.008
1998-01-15,0.023
1998-01-16,0.009
1998-01-17,0.012
1998-01-18,0.036
1998-01-19,0.03
1998-01-20,0.032
1998-01-21,0.014
1998-01-22,0.0
1998-01-23,0.001
1998-01-24,0.0
1998-01-25,0.002
1998-01-26,0.004
1998-01-27,0.007
1998-01-28,0.01
1998-01-29,0.006
1998-01-30,0.0
1998-01-31,0.001
1998-02-01,0.008
1998-02-02,0.005
1998-02-03,0.0
1998-02-04,0.001
1998-02-05,0.0
1998-02-06,0.0
1998-02-07,0.0
1998-02-08,0.0
1998-02-09,0.001
1998-02-10,0.004
1998-02-11,0.013
1998-02-12,0.009
1998-02-13,0.004
1998-02-14,0.021
1998-02-15,0.153
1998-02-16,0.069
1998-02-17,0.026
1998-02-18,0.094
1998-02-19,0.046
1998-02-20,0.03
1998-02-21,0.164
1998-02-22,0.246
1998-02-23,0.195
1998-02-24,0.258
1998-02-25,0.078
1998-02-26,0.012
1998-02-27,0.102
1998-02-28,0.132
1998-03-01,0.076
1998-03-02,0.03
1998-03-03,0.011
1998-03-04,0.022
1998-03-05,0.006
1998-03-06,0.0
1998-03-07,0.0
1998-03-08,0.0
1998-03-09,0.001
1998-03-10,0.0
1998-03-11,0.002
1998-03-12,0.007
1998-03-13,0.024
1998-03-14,0.02
1998-03-15,0.105
1998-03-16,0.147
1998-03-17,0.053
1998-03-18,0.018
1998-03-19,0.004
1998-03-20,0.002
1998-03-21,0.045
1998-03-22,0.036
1998-03-23,0.067
1998-03-24,0.093
1998-03-25,0.139
1998-03-26,0.343
1998-03-27,0.332
1998-03-28,0.525
1998-03-29,0.683
1998-03-30,0.474
1998-03-31,0.477
1998-04-01,0.5
1998-04-02,0.707
1998-04-03,0.21
1998-04-04,0.064
1998-04-05,0.194
1998-04-06,0.561
1998-04-07,0.291
1998-04-08,0.283
1998-04-09,0.708
1998-04-10,0.354
1998-04-11,0.156
1998-04-12,0.296
1998-04-13,0.343
1998-04-14,0.278
1998-04-15,0.218
1998-04-16,0.115
1998-04-17,0.193
1998-04-18,0.345
1998-04-19,0.278
1998-04-20,0.106
1998-04-21,0.232
1998-04-22,0.619
1998-04-23,1.019
1998-04-24,0.655
1998-04-25,0.554
1998-04-26,0.248
1998-04-27,0.184
1998-04-28,0.199
1998-04-29,0.028
1998-04-30,0.16
1998-05-01,0.564
1998-05-02,0.158
1998-05-03,0.03
1998-05-04,0.062
1998-05-05,0.12
1998-05-06,0.221
1998-05-07,0.188
1998-05-08,0.301
1998-05-09,0.577
1998-05-10,0.582
1998-05-11,0.186
1998-05-12,0.673
1998-05-13,0.987
1998-05-14,0.487
1998-05-15,0.145
1998-05-16,0.337
1998-05-17,0.48
1998-05-18,0.65
1998-05-19,2.592
1998-05-20,1.749
1998-05-21,0.303
1998-05-22,0.217
1998-05-23,0.305
1998-05-24,0.452
1998-05-25,0.779
1998-05-26,0.248
1998-05-27,0.107
1998-05-28,0.292
1998-05-29,0.386
1998-05-30,0.439
1998-05-31,0.26
1998-06-01,0.076
1998-06-02,0.096
1998-06-03,0.121
1998-06-04,0.531
1998-06-05,0.445
1998-06-06,0.188
1998-06-07,0.547
1998-06-08,0.226
1998-06-09,0.472
1998-06-10,0.255
1998-06-11,0.284
1998-06-12,0.226
1998-06-13,0.328
1998-06-14,1.119
1998-06-15,0.888
1998-06-16,0.659
1998-06-17,0.248
1998-06-18,0.205
1998-06-19,0.078
1998-06-20,0.237
1998-06-21,0.745
1998-06-22,0.407
1998-06-23,0.665
1998-06-24,0.753
1998-06-25,0.164
1998-06-26,0.263
1998-06-27,0.127
1998-06-28,0.094
1998-06-29,0.309
1998-06-30,0.289
1998-07-01,0.227
1998-07-02,0.151
1998-07-03,0.412
1998-07-04,0.601
1998-07-05,0.363
1998-07-06,0.297
1998-07-07,0.396
1998-07-08,0.293
1998-07-09,0.313
1998-07-10,0.118
1998-07-11,0.294
1998-07-12,0.151
1998-07-13,0.019
1998-07-14,0.162
1998-07-15,0.233
1998-07-16,0.011
1998-07-17,0.019
1998-07-18,0.034
1998-07-19,0.177
1998-07-20,0.051
1998-07-21,0.091
1998-07-22,0.309
1998-07-23,0.229
1998-07-24,0.209
1998-07-25,0.435
1998-07-26,0.213
1998-07-27,0.304
1998-07-28,0.637
1998-07-29,0.24
1998-07-30,0.105
1998-07-31,0.03
1998-08-01,0.023
1998-08-02,0.16
1998-08-03,0.318
1998-08-04,0.62
1998-08-05,0.258
1998-08-06,0.262
1998-08-07,0.106
1998-08-08,0.011
1998-08-09,0.024
1998-08-10,0.021
1998-08-11,0.012
1998-08-12,0.119
1998-08-13,0.248
1998-08-14,0.17
1998-08-15,0.282
1998-08-16,0.138
1998-08-17,0.083
1998-08-18,0.021
1998-08-19,0.239
1998-08-20,0.373
1998-08-21,0.729
1998-08-22,0.473
1998-08-23,0.912
1998-08-24,0.192
1998-08-25,0.247
1998-08-26,0.488
1998-08-27,0.919
1998-08-28,0.677
1998-08-29,0.3
1998-08-30,0.235
1998-08-31,0.163
1998-09-01,0.424
1998-09-02,0.651
1998-09-03,0.498
1998-09-04,0.261
1998-09-05,0.075
1998-09-06,0.171
1998-09-07,0.115
1998-09-08,0.158
1998-09-09,0.144
1998-09-10,0.295
1998-09-11,0.308
1998-09-12,0.487
1998-09-13,0.358
1998-09-14,0.217
1998-09-15,0.176
1998-09-16,0.34
1998-09-17,0.13
1998-09-18,0.008
1998-09-19,0.053
1998-09-20,1.063
1998-09-21,0.933
1998-09-22,0.531
1998-09-23,1.167
1998-09-24,0.351
1998-09-25,0.233
1998-09-26,0.125
1998-09-27,0.4
1998-09-28,0.339
1998-09-29,0.2
1998-09-30,0.146
1998-10-01,0.166
1998-10-02,0.25
1998-10-03,0.291
1998-10-04,0.142
1998-10-05,0.551
1998-10-06,0.421
1998-10-07,0.812
1998-10-08,1.658
1998-10-09,0.555
1998-10-10,0.812
1998-10-11,0.673
1998-10-12,0.412
1998-10-13,0.447
1998-10-14,1.245
1998-10-15,2.057
1998-10-16,1.982
1998-10-17,1.644
1998-10-18,0.691
1998-10-19,0.072
1998-10-20,0.027
1998-10-21,0.017
1998-10-22,0.004
1998-10-23,0.037
1998-10-24,0.041
1998-10-25,0.043
1998-10-26,0.063
1998-10-27,0.106
1998-10-28,0.392
1998-10-29,0.449
1998-10-30,0.174
1998-10-31,0.258
1998-11-01,0.076
1998-11-02,0.142
1998-11-03,0.68
1998-11-04,0.517
1998-11-05,0.519
1998-11-06,0.201
1998-11-07,0.18
1998-11-08,0.268
1998-11-09,0.319
1998-11-10,0.108
1998-11-11,0.039
1998-11-12,0.04
1998-11-13,0.174
1998-11-14,0.518
1998-11-15,0.267
1998-11-16,0.768
1998-11-17,1.809
1998-11-18,2.147
1998-11-19,1.991
1998-11-20,1.466
1998-11-21,0.566
1998-11-22,0.378
1998-11-23,0.079
1998-11-24,0.043
1998-11-25,0.146
1998-11-26,0.1
1998-11-27,0.247
1998-11-28,1.364
1998-11-29,0.612
1998-11-30,0.503
1998-12-01,0.613
1998-12-02,0.411
1998-12-03,1.24
1998-12-04,0.828
1998-12-05,1.402
1998-12-06,0.748
1998-12-07,0.309
1998-12-08,0.182
1998-12-09,0.735
1998-12-10,0.441
1998-12-11,0.172
1998-12-12,0.213
1998-12-13,0.217
1998-12-14,0.066
1998-12-15,0.074
1998-12-16,0.013
1998-12-17,0.027
1998-12-18,0.054
1998-12-19,0.012
1998-12-20,0.148
1998-12-21,0.168
1998-12-22,0.461
1998-12-23,0.326
1998-12-24,0.205
1998-12-25,0.879
1998-12-26,0.166
1998-12-27,0.028
1998-12-28,0.011
1998-12-29,0.052
1998-12-30,0.014
1998-12-31,0.002
1999-01-01,0.005
1999-01-02,0.003
1999-01-03,0.0
1999-01-04,0.0
1999-01-05,0.0
1999-01-06,0.001
1999-01-07,0.015
1999-01-08,0.032
1999-01-09,0.192
1999-01-10,0.23
1999-01-11,0.027
1999-01-12,0.052
1999-01-13,0.034
1999-01-14,0.167
1999-01-15,0.437
1999-01-16,0.123
1999-01-17,0.158
1999-01-18,0.012
1999-01-19,0.019
1999-01-20,0.018
1999-01-21,0.356
1999-01-22,1.456
1999-01-23,0.951
1999-01-24,1.345
1999-01-25,1.473
1999-01-26,0.928
1999-01-27,0.5
1999-01-28,0.729
1999-01-29,0.558
1999-01-30,1.646
1999-01-31,3.568
1999-02-01,2.108
1999-02-02,1.296
1999-02-03,0.928
1999-02-04,1.082
1999-02-05,0.447
1999-02-06,0.362
1999-02-07,0.249
1999-02-08,0.393
1999-02-09,0.104
1999-02-10,0.065
1999-02-11,0.198
1999-02-12,0.618
1999-02-13,0.589
1999-02-14,0.398
1999-02-15,0.06
1999-02-16,0.027
1999-02-17,0.078
1999-02-18,0.155
1999-02-19,0.421
1999-02-20,3.777
1999-02-21,4.056
1999-02-22,1.529
1999-02-23,0.233
1999-02-24,0.013
1999-02-25,0.0
1999-02-26,0.005
1999-02-27,0.027
1999-02-28,0.005
1999-03-01,0.002
1999-03-02,0.006
1999-03-03,0.011
1999-03-04,0.176
1999-03-05,0.081
1999-03-06,0.115
1999-03-07,0.359
1999-03-08,0.123
1999-03-09,0.094
1999-03-10,0.349
1999-03-11,0.179
1999-03-12,0.397
1999-03-13,0.404
1999-03-14,0.546
1999-03-15,0.563
1999-03-16,1.154
1999-03-17,0.75
1999-03-18,0.728
1999-03-19,0.449
1999-03-20,1.502
1999-03-21,1.221
1999-03-22,0.536
1999-03-23,0.131
1999-03-24,0.065
1999-03-25,0.081
1999-03-26,0.424
1999-03-27,1.225
1999-03-28,1.118
1999-03-29,0.68
1999-03-30,0.517
1999-03-31,0.54
1999-04-01,0.576
1999-04-02,0.512
1999-04-03,0.344
1999-04-04,0.257
1999-04-05,0.331
1999-04-06,0.891
1999-04-07,0.739
1999-04-08,1.157
1999-04-09,1.038
1999-04-10,1.208
1999-04-11,2.024
1999-04-12,0.931
1999-04-13,1.532
1999-04-14,0.412
1999-04-15,0.163
1999-04-16,0.141
1999-04-17,0.142
1999-04-18,0.146
1999-04-19,0.077
1999-04-20,0.108
1999-04-21,0.145
1999-04-22,0.094
1999-04-23,0.129
1999-04-24,0.131
1999-04-25,0.097
1999-04-26,0.077
1999-04-27,0.089
1999-04-28,0.204
1999-04-29,0.068
1999-04-30,0.033
1999-05-01,0.033
1999-05-02,0.156
1999-05-03,0.16
1999-05-04,0.123
1999-05-05,0.113
1999-05-06,0.184
1999-05-07,0.206
1999-05-08,0.185
1999-05-09,0.158
1999-05-10,0.147
1999-05-11,0.153
1999-05-12,0.102
1999-05-13,0.036
1999-05-14,0.015
1999-05-15,0.081
1999-05-16,0.093
1999-05-17,0.168
1999-05-18,0.181
1999-05-19,0.146
1999-05-20,0.162
1999-05-21,0.027
1999-05-22,0.12
1999-05-23,0.05
1999-05-24,0.138
1999-05-25,0.131
1999-05-26,0.065
1999-05-27,0.048
1999-05-28,0.042
1999-05-29,0.056
1999-05-30,0.036
1999-05-31,0.038
1999-06-01,0.23
1999-06-02,0.691
1999-06-03,0.292
1999-06-04,0.177
1999-06-05,0.092
1999-06-06,0.407
1999-06-07,0.42
1999-06-08,0.172
1999-06-09,0.123
1999-06-10,0.078
1999-06-11,0.023
1999-06-12,0.015
1999-06-13,0.002
1999-06-14,0.0
1999-06-15,0.0
1999-06-16,0.019
1999-06-17,0.031
1999-06-18,0.032
1999-06-19,0.058
1999-06-20,0.172
1999-06-21,0.19
1999-06-22,0.116
1999-06-23,0.086
1999-06-24,0.24
1999-06-25,0.113
1999-06-26,0.099
1999-06-27,0.214
1999-06-28,0.139
1999-06-29,0.114
1999-06-30,0.052
1999-07-01,0.045
1999-07-02,0.019
1999-07-03,0.018
1999-07-04,0.018
1999-07-05,0.107
1999-07-06,0.062
1999-07-07,0.067
1999-07-08,0.182
1999-07-09,0.117
1999-07-10,0.312
1999-07-11,0.311
1999-07-12,0.055
1999-07-13,0.036
1999-07-14,0.094
1999-07-15,0.132
1999-07-16,0.084
1999-07-17,0.048
1999-07-18,0.067
1999-07-19,0.297
1999-07-20,0.195
1999-07-21,0.148
1999-07-22,0.407
1999-07-23,0.222
1999-07-24,0.092
1999-07-25,0.125
1999-07-26,0.288
1999-07-27,0.406
1999-07-28,0.082
1999-07-29,0.06
1999-07-30,0.015
1999-07-31,0.004
1999-08-01,0.04
1999-08-02,0.149
1999-08-03,0.161
1999-08-04,0.274
1999-08-05,0.24
1999-08-06,0.378
1999-08-07,0.205
1999-08-08,0.331
1999-08-09,0.238
1999-08-10,0.117
1999-08-11,0.136
1999-08-12,0.415
1999-08-13,0.871
1999-08-14,0.384
1999-08-15,0.591
1999-08-16,0.418
1999-08-17,0.098
1999-08-18,0.248
1999-08-19,0.31
1999-08-20,0.246
1999-08-21,0.104
1999-08-22,0.12
1999-08-23,0.243
1999-08-24,0.2
1999-08-25,0.264
1999-08-26,0.571
1999-08-27,0.537
1999-08-28,0.118
1999-08-29,0.196
1999-08-30,0.187
1999-08-31,0.972
1999-09-01,0.5
1999-09-02,0.229
1999-09-03,0.319
1999-09-04,0.075
1999-09-05,0.021
1999-09-06,0.011
1999-09-07,0.1
1999-09-08,0.243
1999-09-09,0.117
1999-09-10,0.036
1999-09-11,0.024
1999-09-12,0.326
1999-09-13,0.193
1999-09-14,0.207
1999-09-15,0.297
1999-09-16,0.273
1999-09-17,0.14
1999-09-18,0.355
1999-09-19,0.258
1999-09-20,0.168
1999-09-21,0.736
1999-09-22,0.293
1999-09-23,0.169
1999-09-24,0.067
1999-09-25,0.139
1999-09-26,0.212
1999-09-27,0.014
1999-09-28,0.079
1999-09-29,0.043
1999-09-30,0.227
1999-10-01,0.088
1999-10-02,0.186
1999-10-03,0.097
1999-10-04,0.047
1999-10-05,0.163
1999-10-06,0.56
1999-10-07,0.209
1999-10-08,0.101
1999-10-09,0.029
1999-10-10,0.009
1999-10-11,0.01
1999-10-12,0.03
1999-10-13,0.018
1999-10-14,0.067
1999-10-15,0.045
1999-10-16,0.092
1999-10-17,0.025
1999-10-18,0.008
1999-10-19,0.03
1999-10-20,0.493
1999-10-21,0.509
1999-10-22,0.181
1999-10-23,0.161
1999-10-24,0.336
1999-10-25,0.123
1999-10-26,0.044
1999-10-27,0.079
1999-10-28,0.172
1999-10-29,0.249
1999-10-30,0.271
1999-10-31,0.35
1999-11-01,0.361
1999-11-02,0.321
1999-11-03,0.634
1999-11-04,0.979
1999-11-05,0.139
1999-11-06,0.107
1999-11-07,0.167
1999-11-08,0.059
1999-11-09,0.327
1999-11-10,0.182
1999-11-11,0.211
1999-11-12,0.644
1999-11-13,0.281
1999-11-14,0.375
1999-11-15,0.207
1999-11-16,0.044
1999-11-17,0.009
1999-11-18,0.035
1999-11-19,0.204
1999-11-20,0.26
1999-11-21,0.894
1999-11-22,0.315
1999-11-23,0.274
1999-11-24,0.155
1999-11-25,0.194
1999-11-26,0.198
1999-11-27,0.32
1999-11-28,0.366
1999-11-29,0.404
1999-11-30,0.566
1999-12-01,2.072
1999-12-02,2.449
1999-12-03,1.178
1999-12-04,0.329
1999-12-05,0.159
1999-12-06,0.149
1999-12-07,0.265
1999-12-08,0.614
1999-12-09,1.234
1999-12-10,2.134
1999-12-11,1.862
1999-12-12,1.098
1999-12-13,0.373
1999-12-14,0.113
1999-12-15,0.354
1999-12-16,0.075
1999-12-17,0.127
1999-12-18,0.42
1999-12-19,0.051
1999-12-20,0.0
1999-12-21,0.0
1999-12-22,0.004
1999-12-23,0.006
1999-12-24,0.001
1999-12-25,0.0
1999-12-26,0.008
1999-12-27,0.006
1999-12-28,0.001
1999-12-29,0.0
1999-12-30,0.0
1999-12-31,0.0
2000-01-01,0.089
2000-01-02,0.123
2000-01-03,0.139
2000-01-04,0.111
2000-01-05,0.342
2000-01-06,0.447
2000-01-07,0.582
2000-01-08,0.38
2000-01-09,0.584
2000-01-10,0.468
2000-01-11,0.424
2000-01-12,2.536
2000-01-13,1.94
2000-01-14,0.471
2000-01-15,1.572
2000-01-16,1.937
2000-01-17,0.811
2000-01-18,0.534
2000-01-19,0.335
2000-01-20,0.507
2000-01-21,0.56
2000-01-22,0.64
2000-01-23,0.018
2000-01-24,0.008
2000-01-25,0.023
2000-01-26,0.191
2000-01-27,0.201
2000-01-28,0.061
2000-01-29,0.096
2000-01-30,0.02
2000-01-31,0.244
2000-02-01,0.093
2000-02-02,0.025
2000-02-03,0.004
2000-02-04,0.001
2000-02-05,0.001
2000-02-06,0.003
2000-02-07,0.001
2000-02-08,0.007
2000-02-09,0.004
2000-02-10,0.007
2000-02-11,0.01
2000-02-12,0.001
2000-02-13,0.006
2000-02-14,0.005
2000-02-15,0.017
2000-02-16,0.036
2000-02-17,0.004
2000-02-18,0.0
2000-02-19,0.005
2000-02-20,0.003
2000-02-21,0.069
2000-02-22,0.05
2000-02-23,0.027
2000-02-24,0.01
2000-02-25,0.082
2000-02-26,0.044
2000-02-27,0.03
2000-02-28,0.026
2000-02-29,0.097
2000-03-01,0.105
2000-03-02,0.054
2000-03-03,0.061
2000-03-04,0.048
2000-03-05,0.021
2000-03-06,0.137
2000-03-07,0.038
2000-03-08,0.004
2000-03-09,0.0
2000-03-10,0.001
2000-03-11,0.0
2000-03-12,0.003
2000-03-13,0.005
2000-03-14,0.019
2000-03-15,0.054
2000-03-16,0.066
2000-03-17,0.118
2000-03-18,0.503
2000-03-19,0.125
2000-03-20,0.116
2000-03-21,0.115
2000-03-22,0.248
2000-03-23,0.215
2000-03-24,0.133
2000-03-25,0.181
2000-03-26,0.858
2000-03-27,1.289
2000-03-28,0.51
2000-03-29,0.271
2000-03-30,0.336
2000-03-31,0.212
2000-04-01,0.46
2000-04-02,0.555
2000-04-03,0.399
2000-04-04,0.576
2000-04-05,0.497
2000-04-06,0.288
2000-04-07,0.107
2000-04-08,0.092
2000-04-09,0.79
2000-04-10,1.215
2000-04-11,0.449
2000-04-12,0.106
2000-04-13,0.083
2000-04-14,0.017
2000-04-15,0.043
2000-04-16,0.161
2000-04-17,0.267
2000-04-18,0.169
2000-04-19,0.045
2000-04-20,0.085
2000-04-21,0.072
2000-04-22,0.029
2000-04-23,0.05
2000-04-24,0.315
2000-04-25,0.123
2000-04-26,0.152
2000-04-27,0.158
2000-04-28,0.046
2000-04-29,0.063
2000-04-30,0.044
2000-05-01,0.033
2000-05-02,0.04
2000-05-03,0.026
2000-05-04,0.005
2000-05-05,0.003
2000-05-06,0.006
2000-05-07,0.011
2000-05-08,0.011
2000-05-09,0.055
2000-05-10,0.275
2000-05-11,0.574
2000-05-12,0.364
2000-05-13,0.183
2000-05-14,0.116
2000-05-15,0.027
2000-05-16,0.079
2000-05-17,0.059
2000-05-18,0.149
2000-05-19,0.114
2000-05-20,0.062
2000-05-21,0.103
2000-05-22,0.166
2000-05-23,0.167
2000-05-24,0.119
2000-05-25,0.065
2000-05-26,0.068
2000-05-27,0.095
2000-05-28,0.165
2000-05-29,0.248
2000-05-30,0.136
2000-05-31,0.036
2000-06-01,0.016
2000-06-02,0.009
2000-06-03,0.02
2000-06-04,0.14
2000-06-05,0.05
2000-06-06,0.047
2000-06-07,0.244
2000-06-08,0.072
2000-06-09,0.076
2000-06-10,0.249
2000-06-11,0.294
2000-06-12,0.243
2000-06-13,0.82
2000-06-14,0.724
2000-06-15,0.114
2000-06-16,0.107
2000-06-17,0.031
2000-06-18,0.113
2000-06-19,0.217
2000-06-20,0.078
2000-06-21,0.232
2000-06-22,0.118
2000-06-23,0.085
2000-06-24,0.059
2000-06-25,1.648
2000-06-26,0.931
2000-06-27,0.072
2000-06-28,0.056
2000-06-29,0.196
2000-06-30,0.148
2000-07-01,0.391
2000-07-02,0.199
2000-07-03,0.56
2000-07-04,1.09
2000-07-05,0.673
2000-07-06,1.023
2000-07-07,0.641
2000-07-08,0.119
2000-07-09,0.123
2000-07-10,0.259
2000-07-11,0.292
2000-07-12,0.178
2000-07-13,0.264
2000-07-14,0.552
2000-07-15,1.032
2000-07-16,1.322
2000-07-17,1.76
2000-07-18,0.408
2000-07-19,0.434
2000-07-20,0.548
2000-07-21,0.075
2000-07-22,0.075
2000-07-23,0.133
2000-07-24,0.155
2000-07-25,0.423
2000-07-26,0.224
2000-07-27,0.225
2000-07-28,0.056
2000-07-29,0.17
2000-07-30,0.104
2000-07-31,0.069
2000-08-01,0.281
2000-08-02,0.232
2000-08-03,0.094
2000-08-04,0.165
2000-08-05,0.171
2000-08-06,0.18
2000-08-07,0.108
2000-08-08,0.102
2000-08-09,0.267
2000-08-10,0.123
2000-08-11,0.006
2000-08-12,0.011
2000-08-13,0.084
2000-08-14,0.057
2000-08-15,0.042
2000-08-16,0.679
2000-08-17,0.491
2000-08-18,0.18
2000-08-19,0.786
2000-08-20,1.082
2000-08-21,0.367
2000-08-22,0.831
2000-08-23,1.083
2000-08-24,0.681
2000-08-25,0.12
2000-08-26,0.601
2000-08-27,0.685
2000-08-28,1.16
2000-08-29,0.231
2000-08-30,0.533
2000-08-31,0.153
2000-09-01,0.086
2000-09-02,0.023
2000-09-03,0.037
2000-09-04,0.033
2000-09-05,0.65
2000-09-06,0.821
2000-09-07,0.518
2000-09-08,0.326
2000-09-09,0.442
2000-09-10,0.423
2000-09-11,0.269
2000-09-12,0.833
2000-09-13,0.488
2000-09-14,0.035
2000-09-15,0.033
2000-09-16,0.01
2000-09-17,0.006
2000-09-18,0.087
2000-09-19,0.183
2000-09-20,0.366
2000-09-21,0.255
2000-09-22,0.133
2000-09-23,0.013
2000-09-24,0.016
2000-09-25,0.085
2000-09-26,0.174
2000-09-27,1.466
2000-09-28,0.225
2000-09-29,0.065
2000-09-30,0.768
2000-10-01,0.401
2000-10-02,0.1
2000-10-03,0.04
2000-10-04,0.32
2000-10-05,0.125
2000-10-06,0.093
2000-10-07,0.229
2000-10-08,0.196
2000-10-09,0.166
2000-10-10,0.341
2000-10-11,0.436
2000-10-12,0.871
2000-10-13,0.558
2000-10-14,1.065
2000-10-15,0.804
2000-10-16,0.727
2000-10-17,0.215
2000-10-18,1.504
2000-10-19,1.09
2000-10-20,0.13
2000-10-21,1.046
2000-10-22,0.879
2000-10-23,0.831
2000-10-24,0.379
2000-10-25,1.068
2000-10-26,2.188
2000-10-27,0.576
2000-10-28,0.296
2000-10-29,0.315
2000-10-30,0.293
2000-10-31,0.46
2000-11-01,10.519
2000-11-02,10.697
2000-11-03,1.163
2000-11-04,0.411
2000-11-05,0.228
2000-11-06,0.231
2000-11-07,0.165
2000-11-08,1.179
2000-11-09,0.634
2000-11-10,0.086
2000-11-11,0.061
2000-11-12,0.103
2000-11-13,1.803
2000-11-14,2.703
2000-11-15,2.747
2000-11-16,1.164
2000-11-17,0.176
2000-11-18,0.183
2000-11-19,0.131
2000-11-20,0.142
2000-11-21,0.319
2000-11-22,0.125
2000-11-23,0.134
2000-11-24,0.218
2000-11-25,0.29
2000-11-26,0.063
2000-11-27,0.082
2000-11-28,0.492
2000-11-29,0.277
2000-11-30,0.046
2000-12-01,0.054
2000-12-02,0.004
2000-12-03,0.003
2000-12-04,0.004
2000-12-05,0.009
2000-12-06,0.056
2000-12-07,0.187
2000-12-08,0.348
2000-12-09,0.121
2000-12-10,0.052
2000-12-11,0.197
2000-12-12,0.146
2000-12-13,0.327
2000-12-14,0.234
2000-12-15,0.174
2000-12-16,0.06
2000-12-17,0.029
2000-12-18,0.029
2000-12-19,0.188
2000-12-20,0.34
2000-12-21,0.189
2000-12-22,0.137
2000-12-23,0.076
2000-12-24,0.027
2000-12-25,0.09
2000-12-26,0.017
2000-12-27,0.005
2000-12-28,0.01
2000-12-29,0.01
2000-12-30,0.012
2000-12-31,0.0
2001-01-01,0.0
2001-01-02,0.0
2001-01-03,0.0
2001-01-04,0.0
2001-01-05,0.0
2001-01-06,0.0
2001-01-07,0.0
2001-01-08,0.001
2001-01-09,0.006
2001-01-10,0.0
2001-01-11,0.007
2001-01-12,0.011
2001-01-13,0.102
2001-01-14,0.342
2001-01-15,0.054
2001-01-16,0.03
2001-01-17,0.008
2001-01-18,0.009
2001-01-19,0.022
2001-01-20,0.106
2001-01-21,0.042
2001-01-22,0.405
2001-01-23,0.086
2001-01-24,0.284
2001-01-25,0.164
2001-01-26,0.148
2001-01-27,0.194
2001-01-28,0.111
2001-01-29,0.114
2001-01-30,0.101
2001-01-31,0.012
2001-02-01,0.011
2001-02-02,0.03
2001-02-03,0.199
2001-02-04,0.204
2001-02-05,0.004
2001-02-06,0.023
2001-02-07,0.256
2001-02-08,1.162
2001-02-09,0.66
2001-02-10,0.69
2001-02-11,1.13
2001-02-12,0.896
2001-02-13,1.537
2001-02-14,1.638
2001-02-15,0.728
2001-02-16,0.152
2001-02-17,0.067
2001-02-18,0.074
2001-02-19,0.039
2001-02-20,0.139
2001-02-21,0.044
2001-02-22,0.13
2001-02-23,0.036
2001-02-24,0.08
2001-02-25,0.026
2001-02-26,0.059
2001-02-27,0.114
2001-02-28,0.037
2001-03-01,0.059
2001-03-02,0.034
2001-03-03,0.121
2001-03-04,0.095
2001-03-05,0.035
2001-03-06,0.109
2001-03-07,0.79
2001-03-08,0.273
2001-03-09,0.198
2001-03-10,0.22
2001-03-11,0.17
2001-03-12,1.36
2001-03-13,0.754
2001-03-14,0.489
2001-03-15,0.319
2001-03-16,0.161
2001-03-17,0.018
2001-03-18,0.03
2001-03-19,0.238
2001-03-20,0.07
2001-03-21,0.244
2001-03-22,0.152
2001-03-23,0.025
2001-03-24,0.006
2001-03-25,0.032
2001-03-26,0.03
2001-03-27,0.207
2001-03-28,0.92
2001-03-29,0.454
2001-03-30,0.293
2001-03-31,0.302
2001-04-01,0.12
2001-04-02,0.167
2001-04-03,0.143
2001-04-04,0.209
2001-04-05,0.236
2001-04-06,0.548
2001-04-07,0.698
2001-04-08,0.711
2001-04-09,0.716
2001-04-10,1.486
2001-04-11,1.123
2001-04-12,1.206
2001-04-13,0.387
2001-04-14,0.377
2001-04-15,0.217
2001-04-16,0.311
2001-04-17,0.66
2001-04-18,0.518
2001-04-19,0.424
2001-04-20,0.541
2001-04-21,0.296
2001-04-22,0.172
2001-04-23,0.138
2001-04-24,0.195
2001-04-25,0.125
2001-04-26,0.675
2001-04-27,0.561
2001-04-28,0.345
2001-04-29,0.81
2001-04-30,0.225
2001-05-01,0.181
2001-05-02,0.06
2001-05-03,0.148
2001-05-04,0.097
2001-05-05,0.219
2001-05-06,0.142
2001-05-07,0.181
2001-05-08,0.299
2001-05-09,0.39
2001-05-10,0.199
2001-05-11,0.173
2001-05-12,0.182
2001-05-13,0.223
2001-05-14,0.224
2001-05-15,0.404
2001-05-16,0.214
2001-05-17,0.157
2001-05-18,0.013
2001-05-19,0.03
2001-05-20,0.028
2001-05-21,0.012
2001-05-22,0.093
2001-05-23,0.01
2001-05-24,0.001
2001-05-25,0.003
2001-05-26,0.031
2001-05-27,0.153
2001-05-28,0.086
2001-05-29,0.019
2001-05-30,0.172
2001-05-31,0.079
2001-06-01,0.239
2001-06-02,0.232
2001-06-03,0.093
2001-06-04,0.221
2001-06-05,0.182
2001-06-06,0.089
2001-06-07,0.047
2001-06-08,0.169
2001-06-09,0.112
2001-06-10,0.199
2001-06-11,0.1
2001-06-12,0.067
2001-06-13,0.212
2001-06-14,0.276
2001-06-15,0.086
2001-06-16,0.038
2001-06-17,0.017
2001-06-18,0.083
2001-06-19,0.036
2001-06-20,0.07
2001-06-21,0.069
2001-06-22,0.051
2001-06-23,0.019
2001-06-24,0.135
2001-06-25,0.821
2001-06-26,0.145
2001-06-27,0.041
2001-06-28,0.039
2001-06-29,0.015
2001-06-30,0.016
2001-07-01,0.0
2001-07-02,0.001
2001-07-03,0.0
2001-07-04,0.0
2001-07-05,0.002
2001-07-06,0.037
2001-07-07,0.333
2001-07-08,0.204
2001-07-09,0.079
2001-07-10,0.292
2001-07-11,0.499
2001-07-12,0.513
2001-07-13,0.352
2001-07-14,0.065
2001-07-15,0.045
2001-07-16,0.205
2001-07-17,0.352
2001-07-18,0.422
2001-07-19,0.369
2001-07-20,0.263
2001-07-21,0.512
2001-07-22,0.458
2001-07-23,0.453
2001-07-24,0.491
2001-07-25,0.103
2001-07-26,0.063
2001-07-27,0.056
2001-07-28,0.13
2001-07-29,0.223
2001-07-30,0.4
2001-07-31,0.61
2001-08-01,0.106
2001-08-02,0.163
2001-08-03,0.431
2001-08-04,0.315
2001-08-05,0.094
2001-08-06,0.204
2001-08-07,0.131
2001-08-08,0.153
2001-08-09,0.418
2001-08-10,0.279
2001-08-11,0.172
2001-08-12,0.135
2001-08-13,0.159
2001-08-14,0.245
2001-08-15,0.197
2001-08-16,0.384
2001-08-17,0.192
2001-08-18,0.756
2001-08-19,0.262
2001-08-20,0.349
2001-08-21,0.386
2001-08-22,0.941
2001-08-23,0.245
2001-08-24,0.035
2001-08-25,0.01
2001-08-26,0.92
2001-08-27,0.162
2001-08-28,0.009
2001-08-29,0.042
2001-08-30,0.037
2001-08-31,0.064
2001-09-01,0.071
2001-09-02,0.116
2001-09-03,0.522
2001-09-04,0.132
2001-09-05,0.206
2001-09-06,0.48
2001-09-07,0.102
2001-09-08,0.024
2001-09-09,0.038
2001-09-10,0.008
2001-09-11,0.003
2001-09-12,0.008
2001-09-13,0.006
2001-09-14,0.115
2001-09-15,0.757
2001-09-16,0.458
2001-09-17,0.299
2001-09-18,0.566
2001-09-19,0.586
2001-09-20,0.309
2001-09-21,0.247
2001-09-22,0.924
2001-09-23,0.922
2001-09-24,0.107
2001-09-25,0.07
2001-09-26,0.442
2001-09-27,0.23
2001-09-28,0.077
2001-09-29,0.098
2001-09-30,0.056
2001-10-01,0.42
2001-10-02,0.357
2001-10-03,0.04
2001-10-04,0.699
2001-10-05,0.362
2001-10-06,0.529
2001-10-07,0.705
2001-10-08,0.317
2001-10-09,0.372
2001-10-10,0.848
2001-10-11,0.824
2001-10-12,0.282
2001-10-13,0.5
2001-10-14,0.342
2001-10-15,0.311
2001-10-16,0.415
2001-10-17,0.194
2001-10-18,0.308
2001-10-19,0.139
2001-10-20,0.34
2001-10-21,0.416
2001-10-22,0.103
2001-10-23,0.011
2001-10-24,2.084
2001-10-25,0.264
2001-10-26,0.07
2001-10-27,0.517
2001-10-28,1.57
2001-10-29,0.852
2001-10-30,0.345
2001-10-31,0.408
2001-11-01,0.681
2001-11-02,0.348
2001-11-03,0.343
2001-11-04,0.6
2001-11-05,1.025
2001-11-06,0.493
2001-11-07,1.295
2001-11-08,0.558
2001-11-09,0.385
2001-11-10,0.256
2001-11-11,0.06
2001-11-12,0.083
2001-11-13,0.267
2001-11-14,1.027
2001-11-15,0.338
2001-11-16,0.046
2001-11-17,0.004
2001-11-18,0.002
2001-11-19,0.013
2001-11-20,0.0
2001-11-21,0.0
2001-11-22,0.001
2001-11-23,0.003
2001-11-24,0.0
2001-11-25,0.007
2001-11-26,2.876
2001-11-27,5.833
2001-11-28,1.612
2001-11-29,0.24
2001-11-30,0.036
2001-12-01,0.286
2001-12-02,0.925
2001-12-03,1.013
2001-12-04,0.516
2001-12-05,0.251
2001-12-06,0.216
2001-12-07,0.228
2001-12-08,0.68
2001-12-09,0.39
2001-12-10,0.485
2001-12-11,0.566
2001-12-12,1.132
2001-12-13,2.761
2001-12-14,1.198
2001-12-15,0.551
2001-12-16,0.377
2001-12-17,0.767
2001-12-18,0.526
2001-12-19,0.562
2001-12-20,0.204
2001-12-21,0.062
2001-12-22,0.005
2001-12-23,0.001
2001-12-24,0.0
2001-12-25,0.0
2001-12-26,0.0
2001-12-27,0.0
2001-12-28,0.0
2001-12-29,0.001
2001-12-30,0.001
2001-12-31,0.015
2002-01-01,0.003
2002-01-02,0.0
2002-01-03,0.008
2002-01-04,0.001
2002-01-05,0.0
2002-01-06,0.005
2002-01-07,0.003
2002-01-08,0.004
2002-01-09,0.006
2002-01-10,0.09
2002-01-11,0.024
2002-01-12,0.017
2002-01-13,0.147
2002-01-14,0.091
2002-01-15,0.062
2002-01-16,0.351
2002-01-17,0.605
2002-01-18,2.027
2002-01-19,1.599
2002-01-20,0.609
2002-01-21,0.497
2002-01-22,0.221
2002-01-23,0.205
2002-01-24,0.13
2002-01-25,0.118
2002-01-26,1.384
2002-01-27,0.403
2002-01-28,1.329
2002-01-29,9.893
2002-01-30,1.914
2002-01-31,1.149
2002-02-01,0.257
2002-02-02,0.177
2002-02-03,0.007
2002-02-04,0.014
2002-02-05,0.025
2002-02-06,0.014
2002-02-07,0.0
2002-02-08,0.562
2002-02-09,0.156
2002-02-10,0.03
2002-02-11,0.235
2002-02-12,0.046
2002-02-13,0.225
2002-02-14,0.389
2002-02-15,0.152
2002-02-16,0.129
2002-02-17,0.15
2002-02-18,0.118
2002-02-19,0.307
2002-02-20,0.277
2002-02-21,0.07
2002-02-22,0.021
2002-02-23,0.597
2002-02-24,2.819
2002-02-25,2.056
2002-02-26,2.976
2002-02-27,0.102
2002-02-28,0.033
2002-03-01,0.018
2002-03-02,0.022
2002-03-03,0.049
2002-03-04,0.182
2002-03-05,2.612
2002-03-06,0.791
2002-03-07,0.249
2002-03-08,0.013
2002-03-09,0.05
2002-03-10,0.013
2002-03-11,0.032
2002-03-12,0.609
2002-03-13,0.524
2002-03-14,0.47
2002-03-15,0.382
2002-03-16,0.153
2002-03-17,1.396
2002-03-18,1.042
2002-03-19,0.395
2002-03-20,0.073
2002-03-21,0.01
2002-03-22,0.001
2002-03-23,0.049
2002-03-24,0.168
2002-03-25,0.039
2002-03-26,0.011
2002-03-27,0.087
2002-03-28,0.052
2002-03-29,0.005
2002-03-30,0.015
2002-03-31,0.153
2002-04-01,0.101
2002-04-02,0.024
2002-04-03,0.047
2002-04-04,0.283
2002-04-05,0.053
2002-04-06,0.107
2002-04-07,0.25
2002-04-08,0.096
2002-04-09,0.009
2002-04-10,0.01
2002-04-11,0.002
2002-04-12,0.071
2002-04-13,0.053
2002-04-14,0.045
2002-04-15,0.126
2002-04-16,0.087
2002-04-17,0.415
2002-04-18,0.303
2002-04-19,0.215
2002-04-20,0.136
2002-04-21,0.418
2002-04-22,0.489
2002-04-23,0.147
2002-04-24,0.18
2002-04-25,0.327
2002-04-26,0.155
2002-04-27,0.411
2002-04-28,1.733
2002-04-29,1.439
2002-04-30,0.272
2002-05-01,0.119
2002-05-02,0.165
2002-05-03,1.123
2002-05-04,0.63
2002-05-05,3.497
2002-05-06,2.514
2002-05-07,1.924
2002-05-08,0.669
2002-05-09,0.259
2002-05-10,0.091
2002-05-11,0.014
2002-05-12,0.34
2002-05-13,0.334
2002-05-14,0.081
2002-05-15,0.044
2002-05-16,0.095
2002-05-17,0.126
2002-05-18,0.812
2002-05-19,0.306
2002-05-20,0.213
2002-05-21,0.062
2002-05-22,0.01
2002-05-23,0.0
2002-05-24,0.0
2002-05-25,0.068
2002-05-26,0.084
2002-05-27,0.013
2002-05-28,0.007
2002-05-29,0.038
2002-05-30,0.005
2002-05-31,0.0
2002-06-01,0.019
2002-06-02,0.01
2002-06-03,0.063
2002-06-04,0.19
2002-06-05,0.084
2002-06-06,0.232
2002-06-07,0.101
2002-06-08,0.072
2002-06-09,0.151
2002-06-10,1.187
2002-06-11,0.419
2002-06-12,0.183
2002-06-13,0.274
2002-06-14,0.259
2002-06-15,0.396
2002-06-16,0.952
2002-06-17,0.362
2002-06-18,0.295
2002-06-19,0.107
2002-06-20,0.273
2002-06-21,0.169
2002-06-22,0.126
2002-06-23,0.045
2002-06-24,0.137
2002-06-25,0.304
2002-06-26,0.524
2002-06-27,0.297
2002-06-28,0.082
2002-06-29,0.057
2002-06-30,0.397
2002-07-01,0.421
2002-07-02,0.111
2002-07-03,0.553
2002-07-04,0.356
2002-07-05,0.118
2002-07-06,0.208
2002-07-07,0.218
2002-07-08,0.433
2002-07-09,0.803
2002-07-10,0.245
2002-07-11,0.156
2002-07-12,0.011
2002-07-13,0.008
2002-07-14,0.05
2002-07-15,0.171
2002-07-16,0.099
2002-07-17,0.209
2002-07-18,0.204
2002-07-19,0.197
2002-07-20,0.097
2002-07-21,0.749
2002-07-22,0.52
2002-07-23,0.131
2002-07-24,0.172
2002-07-25,0.309
2002-07-26,1.06
2002-07-27,0.505
2002-07-28,0.066
2002-07-29,0.106
2002-07-30,0.138
2002-07-31,0.289
2002-08-01,0.188
2002-08-02,0.072
2002-08-03,0.844
2002-08-04,1.028
2002-08-05,0.137
2002-08-06,0.663
2002-08-07,0.761
2002-08-08,0.534
2002-08-09,0.23
2002-08-10,0.073
2002-08-11,0.296
2002-08-12,0.217
2002-08-13,0.637
2002-08-14,0.206
2002-08-15,0.006
2002-08-16,0.057
2002-08-17,0.137
2002-08-18,0.394
2002-08-19,0.301
2002-08-20,0.176
2002-08-21,0.074
2002-08-22,0.027
2002-08-23,0.947
2002-08-24,0.532
2002-08-25,0.169
2002-08-26,0.222
2002-08-27,0.516
2002-08-28,0.586
2002-08-29,0.652
2002-08-30,0.549
2002-08-31,0.135
2002-09-01,0.031
2002-09-02,0.066
2002-09-03,0.095
2002-09-04,0.331
2002-09-05,0.414
2002-09-06,0.576
2002-09-07,0.939
2002-09-08,0.766
2002-09-09,0.532
2002-09-10,0.207
2002-09-11,0.048
2002-09-12,0.338
2002-09-13,0.328
2002-09-14,0.515
2002-09-15,0.571
2002-09-16,0.481
2002-09-17,0.358
2002-09-18,0.339
2002-09-19,0.109
2002-09-20,0.017
2002-09-21,0.005
2002-09-22,0.002
2002-09-23,0.042
2002-09-24,0.029
2002-09-25,0.014
2002-09-26,0.01
2002-09-27,0.026
2002-09-28,0.03
2002-09-29,0.117
2002-09-30,0.298
2002-10-01,0.359
2002-10-02,0.235
2002-10-03,0.099
2002-10-04,0.182
2002-10-05,1.384
2002-10-06,0.216
2002-10-07,0.212
2002-10-08,0.087
2002-10-09,0.306
2002-10-10,0.173
2002-10-11,0.209
2002-10-12,0.243
2002-10-13,0.175
2002-10-14,0.018
2002-10-15,0.597
2002-10-16,0.069
2002-10-17,0.034
2002-10-18,0.007
2002-10-19,0.0
2002-10-20,0.158
2002-10-21,0.584
2002-10-22,0.385
2002-10-23,0.265
2002-10-24,0.165
2002-10-25,0.033
2002-10-26,0.023
2002-10-27,0.001
2002-10-28,0.01
2002-10-29,0.052
2002-10-30,0.038
2002-10-31,0.175
2002-11-01,0.19
2002-11-02,0.019
2002-11-03,0.01
2002-11-04,0.012
2002-11-05,0.014
2002-11-06,0.001
2002-11-07,0.007
2002-11-08,0.01
2002-11-09,0.0
2002-11-10,0.0
2002-11-11,0.0
2002-11-12,0.004
2002-11-13,0.007
2002-11-14,0.195
2002-11-15,0.221
2002-11-16,0.403
2002-11-17,0.053
2002-11-18,0.151
2002-11-19,0.146
2002-11-20,0.014
2002-11-21,0.005
2002-11-22,0.021
2002-11-23,0.014
2002-11-24,0.028
2002-11-25,0.005
2002-11-26,0.0
2002-11-27,0.0
2002-11-28,0.015
2002-11-29,0.536
2002-11-30,0.129
2002-12-01,0.0
2002-12-02,0.008
2002-12-03,0.307
2002-12-04,0.155
2002-12-05,0.014
2002-12-06,0.027
2002-12-07,0.263
2002-12-08,0.073
2002-12-09,0.278
2002-12-10,3.989
2002-12-11,1.111
2002-12-12,0.072
2002-12-13,0.004
2002-12-14,0.001
2002-12-15,0.0
2002-12-16,0.158
2002-12-17,0.145
2002-12-18,0.073
2002-12-19,0.429
2002-12-20,0.095
2002-12-21,0.127
2002-12-22,0.519
2002-12-23,0.395
2002-12-24,0.193
2002-12-25,0.059
2002-12-26,0.111
2002-12-27,0.315
2002-12-28,0.435
2002-12-29,0.181
2002-12-30,0.032
2002-12-31,0.0
2003-01-01,0.0
2003-01-02,0.0
2003-01-03,0.0
2003-01-04,0.0
2003-01-05,0.0
2003-01-06,0.0
2003-01-07,0.0
2003-01-08,0.0
2003-01-09,0.0
2003-01-10,0.0
2003-01-11,0.584
2003-01-12,0.363
2003-01-13,0.032
2003-01-14,0.003
2003-01-15,0.0
2003-01-16,0.0
2003-01-17,0.0
2003-01-18,0.034
2003-01-19,0.001
2003-01-20,0.0
2003-01-21,0.0
2003-01-22,0.0
2003-01-23,0.0
2003-01-24,0.002
2003-01-25,0.125
2003-01-26,0.045
2003-01-27,0.008
2003-01-28,0.002
2003-01-29,0.001
2003-01-30,0.01
2003-01-31,0.026
2003-02-01,0.279
2003-02-02,0.182
2003-02-03,0.027
2003-02-04,0.004
2003-02-05,0.0
2003-02-06,0.029
2003-02-07,0.057
2003-02-08,0.0
2003-02-09,0.001
2003-02-10,0.005
2003-02-11,0.132
2003-02-12,0.043
2003-02-13,0.009
2003-02-14,0.377
2003-02-15,0.77
2003-02-16,0.249
2003-02-17,0.075
2003-02-18,0.057
2003-02-19,0.158
2003-02-20,0.047
2003-02-21,0.203
2003-02-22,0.146
2003-02-23,0.492
2003-02-24,0.105
2003-02-25,0.123
2003-02-26,0.211
2003-02-27,0.148
2003-02-28,0.111
2003-03-01,0.035
2003-03-02,0.026
2003-03-03,0.008
2003-03-04,0.015
2003-03-05,0.109
2003-03-06,0.03
2003-03-07,0.001
2003-03-08,0.0
2003-03-09,0.008
2003-03-10,0.001
2003-03-11,0.0
2003-03-12,0.0
2003-03-13,0.0
2003-03-14,0.0
2003-03-15,0.0
2003-03-16,0.006
2003-03-17,0.3
2003-03-18,0.056
2003-03-19,0.058
2003-03-20,0.17
2003-03-21,0.142
2003-03-22,0.202
2003-03-23,0.073
2003-03-24,0.014
2003-03-25,0.015
2003-03-26,0.004
2003-03-27,0.001
2003-03-28,0.253
2003-03-29,0.068
2003-03-30,0.023
2003-03-31,0.157
2003-04-01,0.301
2003-04-02,0.158
2003-04-03,0.37
2003-04-04,0.409
2003-04-05,0.38
2003-04-06,1.084
2003-04-07,0.145
2003-04-08,0.249
2003-04-09,0.385
2003-04-10,0.137
2003-04-11,0.091
2003-04-12,0.225
2003-04-13,0.111
2003-04-14,0.109
2003-04-15,0.098
2003-04-16,0.474
2003-04-17,0.834
2003-04-18,0.988
2003-04-19,0.667
2003-04-20,1.101
2003-04-21,0.629
2003-04-22,1.068
2003-04-23,0.771
2003-04-24,0.624
2003-04-25,0.493
2003-04-26,0.663
2003-04-27,0.562
2003-04-28,0.003
2003-04-29,0.012
2003-04-30,0.081
2003-05-01,0.016
2003-05-02,0.0
2003-05-03,0.0
2003-05-04,0.041
2003-05-05,0.039
2003-05-06,0.203
2003-05-07,0.79
2003-05-08,0.519
2003-05-09,0.305
2003-05-10,0.428
2003-05-11,0.1
2003-05-12,0.042
2003-05-13,0.299
2003-05-14,0.398
2003-05-15,0.176
2003-05-16,0.243
2003-05-17,0.641
2003-05-18,0.261
2003-05-19,0.621
2003-05-20,0.306
2003-05-21,0.128
2003-05-22,0.194
2003-05-23,0.031
2003-05-24,0.002
2003-05-25,0.002
2003-05-26,0.005
2003-05-27,0.001
2003-05-28,0.0
2003-05-29,0.002
2003-05-30,0.001
2003-05-31,0.009
2003-06-01,0.144
2003-06-02,0.048
2003-06-03,0.029
2003-06-04,0.019
2003-06-05,0.002
2003-06-06,0.0
2003-06-07,0.001
2003-06-08,0.0
2003-06-09,0.012
2003-06-10,0.022
2003-06-11,0.288
2003-06-12,1.192
2003-06-13,0.321
2003-06-14,0.209
2003-06-15,0.388
2003-06-16,0.278
2003-06-17,0.198
2003-06-18,0.563
2003-06-19,0.332
2003-06-20,0.163
2003-06-21,0.131
2003-06-22,0.045
2003-06-23,0.072
2003-06-24,0.64
2003-06-25,0.388
2003-06-26,0.05
2003-06-27,0.088
2003-06-28,0.154
2003-06-29,0.255
2003-06-30,0.282
2003-07-01,0.245
2003-07-02,0.188
2003-07-03,0.244
2003-07-04,0.087
2003-07-05,0.042
2003-07-06,0.533
2003-07-07,1.498
2003-07-08,0.617
2003-07-09,0.764
2003-07-10,0.329
2003-07-11,0.11
2003-07-12,0.9
2003-07-13,0.294
2003-07-14,0.07
2003-07-15,0.158
2003-07-16,0.109
2003-07-17,0.12
2003-07-18,0.262
2003-07-19,0.576
2003-07-20,0.276
2003-07-21,0.072
2003-07-22,0.049
2003-07-23,0.07
2003-07-24,1.632
2003-07-25,0.479
2003-07-26,0.059
2003-07-27,0.031
2003-07-28,0.13
2003-07-29,0.167
2003-07-30,0.125
2003-07-31,0.168
2003-08-01,0.585
2003-08-02,0.174
2003-08-03,0.091
2003-08-04,0.181
2003-08-05,0.35
2003-08-06,0.092
2003-08-07,0.279
2003-08-08,0.306
2003-08-09,0.687
2003-08-10,0.424
2003-08-11,0.158
2003-08-12,0.37
2003-08-13,0.712
2003-08-14,0.248
2003-08-15,0.386
2003-08-16,0.914
2003-08-17,0.298
2003-08-18,0.357
2003-08-19,0.438
2003-08-20,0.459
2003-08-21,0.14
2003-08-22,0.049
2003-08-23,0.143
2003-08-24,0.107
2003-08-25,0.082
2003-08-26,0.131
2003-08-27,0.143
2003-08-28,0.148
2003-08-29,0.054
2003-08-30,0.373
2003-08-31,1.911
2003-09-01,1.697
2003-09-02,0.213
2003-09-03,0.206
2003-09-04,0.418
2003-09-05,0.383
2003-09-06,1.092
2003-09-07,0.43
2003-09-08,0.058
2003-09-09,0.065
2003-09-10,0.149
2003-09-11,0.072
2003-09-12,0.015
2003-09-13,0.195
2003-09-14,0.379
2003-09-15,0.119
2003-09-16,0.293
2003-09-17,0.112
2003-09-18,0.242
2003-09-19,0.213
2003-09-20,0.156
2003-09-21,0.047
2003-09-22,0.015
2003-09-23,0.006
2003-09-24,0.003
2003-09-25,0.092
2003-09-26,0.133
2003-09-27,0.035
2003-09-28,0.002
2003-09-29,0.0
2003-09-30,0.027
2003-10-01,0.008
2003-10-02,0.001
2003-10-03,0.0
2003-10-04,0.001
2003-10-05,0.031
2003-10-06,0.048
2003-10-07,0.087
2003-10-08,0.237
2003-10-09,0.256
2003-10-10,0.223
2003-10-11,0.15
2003-10-12,0.499
2003-10-13,0.407
2003-10-14,0.219
2003-10-15,0.524
2003-10-16,0.634
2003-10-17,0.124
2003-10-18,0.02
2003-10-19,0.004
2003-10-20,0.003
2003-10-21,0.001
2003-10-22,0.002
2003-10-23,0.003
2003-10-24,0.002
2003-10-25,0.003
2003-10-26,0.002
2003-10-27,0.001
2003-10-28,0.0
2003-10-29,0.0
2003-10-30,0.0
2003-10-31,0.1
2003-11-01,0.181
2003-11-02,0.134
2003-11-03,0.403
2003-11-04,0.674
2003-11-05,0.323
2003-11-06,0.171
2003-11-07,0.207
2003-11-08,0.099
2003-11-09,0.209
2003-11-10,0.988
2003-11-11,0.488
2003-11-12,0.449
2003-11-13,0.67
2003-11-14,0.719
2003-11-15,1.04
2003-11-16,1.964
2003-11-17,0.663
2003-11-18,0.501
2003-11-19,0.561
2003-11-20,0.117
2003-11-21,0.002
2003-11-22,0.001
2003-11-23,0.008
2003-11-24,0.046
2003-11-25,0.046
2003-11-26,0.055
2003-11-27,0.277
2003-11-28,0.162
2003-11-29,2.152
2003-11-30,1.078
2003-12-01,0.175
2003-12-02,0.31
2003-12-03,1.119
2003-12-04,0.485
2003-12-05,0.64
2003-12-06,0.703
2003-12-07,0.49
2003-12-08,0.446
2003-12-09,0.97
2003-12-10,1.592
2003-12-11,0.227
2003-12-12,0.06
2003-12-13,0.061
2003-12-14,0.098
2003-12-15,0.217
2003-12-16,0.036
2003-12-17,0.079
2003-12-18,0.089
2003-12-19,0.045
2003-12-20,0.009
2003-12-21,0.017
2003-12-22,0.003
2003-12-23,0.034
2003-12-24,0.037
2003-12-25,0.1
2003-12-26,0.026
2003-12-27,0.2
2003-12-28,0.595
2003-12-29,1.408
2003-12-30,0.446
2003-12-31,0.183
2004-01-01,0.114
2004-01-02,0.035
2004-01-03,0.191
2004-01-04,0.354
2004-01-05,0.028
2004-01-06,0.006
2004-01-07,0.0
2004-01-08,0.0
2004-01-09,0.0
2004-01-10,0.0
2004-01-11,0.0
2004-01-12,0.0
2004-01-13,0.0
2004-01-14,0.0
2004-01-15,0.019
2004-01-16,0.01
2004-01-17,0.013
2004-01-18,0.0
2004-01-19,0.001
2004-01-20,0.013
2004-01-21,0.019
2004-01-22,0.41
2004-01-23,1.485
2004-01-24,0.187
2004-01-25,3.405
2004-01-26,1.058
2004-01-27,0.297
2004-01-28,1.579
2004-01-29,1.369
2004-01-30,1.004
2004-01-31,0.968
2004-02-01,0.616
2004-02-02,0.315
2004-02-03,0.323
2004-02-04,0.296
2004-02-05,0.918
2004-02-06,0.51
2004-02-07,0.401
2004-02-08,0.121
2004-02-09,0.028
2004-02-10,0.002
2004-02-11,0.006
2004-02-12,0.042
2004-02-13,0.029
2004-02-14,0.022
2004-02-15,0.202
2004-02-16,0.811
2004-02-17,0.206
2004-02-18,0.068
2004-02-19,0.017
2004-02-20,0.01
2004-02-21,0.003
2004-02-22,0.015
2004-02-23,0.055
2004-02-24,0.297
2004-02-25,0.114
2004-02-26,0.033
2004-02-27,0.519
2004-02-28,1.481
2004-02-29,0.106
2004-03-01,0.075
2004-03-02,0.54
2004-03-03,0.347
2004-03-04,0.351
2004-03-05,0.338
2004-03-06,0.054
2004-03-07,0.593
2004-03-08,0.341
2004-03-09,0.031
2004-03-10,0.007
2004-03-11,0.008
2004-03-12,0.081
2004-03-13,0.458
2004-03-14,3.364
2004-03-15,1.979
2004-03-16,0.228
2004-03-17,0.073
2004-03-18,0.038
2004-03-19,0.009
2004-03-20,0.013
2004-03-21,1.151
2004-03-22,3.637
2004-03-23,3.035
2004-03-24,1.804
2004-03-25,0.779
2004-03-26,0.341
2004-03-27,0.437
2004-03-28,0.204
2004-03-29,0.395
2004-03-30,1.609
2004-03-31,0.591
2004-04-01,0.117
2004-04-02,0.127
2004-04-03,0.037
2004-04-04,0.239
2004-04-05,0.129
2004-04-06,0.079
2004-04-07,0.021
2004-04-08,0.005
2004-04-09,0.232
2004-04-10,1.713
2004-04-11,4.562
2004-04-12,4.725
2004-04-13,1.403
2004-04-14,0.17
2004-04-15,0.562
2004-04-16,0.454
2004-04-17,0.65
2004-04-18,0.4
2004-04-19,0.277
2004-04-20,0.218
2004-04-21,0.137
2004-04-22,0.166
2004-04-23,0.326
2004-04-24,0.14
2004-04-25,0.106
2004-04-26,0.582
2004-04-27,0.282
2004-04-28,0.085
2004-04-29,0.173
2004-04-30,0.049
2004-05-01,0.026
2004-05-02,0.128
2004-05-03,0.505
2004-05-04,0.737
2004-05-05,0.248
2004-05-06,0.063
2004-05-07,0.009
2004-05-08,0.002
2004-05-09,0.002
2004-05-10,0.074
2004-05-11,0.828
2004-05-12,1.119
2004-05-13,0.011
2004-05-14,0.008
2004-05-15,0.025
2004-05-16,0.266
2004-05-17,0.081
2004-05-18,0.031
2004-05-19,0.199
2004-05-20,0.03
2004-05-21,0.061
2004-05-22,0.015
2004-05-23,0.073
2004-05-24,0.141
2004-05-25,0.438
2004-05-26,0.524
2004-05-27,0.656
2004-05-28,0.184
2004-05-29,0.248
2004-05-30,0.469
2004-05-31,0.316
2004-06-01,0.162
2004-06-02,0.054
2004-06-03,0.076
2004-06-04,0.186
2004-06-05,0.317
2004-06-06,0.163
2004-06-07,0.112
2004-06-08,0.226
2004-06-09,0.3
2004-06-10,0.086
2004-06-11,0.356
2004-06-12,0.487
2004-06-13,0.267
2004-06-14,0.213
2004-06-15,0.058
2004-06-16,0.034
2004-06-17,0.041
2004-06-18,0.094
2004-06-19,0.148
2004-06-20,0.333
2004-06-21,0.264
2004-06-22,0.284
2004-06-23,0.14
2004-06-24,0.206
2004-06-25,0.13
2004-06-26,0.107
2004-06-27,0.172
2004-06-28,0.511
2004-06-29,0.344
2004-06-30,0.092
2004-07-01,0.162
2004-07-02,0.176
2004-07-03,0.134
2004-07-04,0.139
2004-07-05,0.103
2004-07-06,0.018
2004-07-07,0.013
2004-07-08,0.206
2004-07-09,0.095
2004-07-10,0.217
2004-07-11,0.133
2004-07-12,0.329
2004-07-13,0.505
2004-07-14,0.352
2004-07-15,0.18
2004-07-16,0.1
2004-07-17,0.063
2004-07-18,0.007
2004-07-19,0.009
2004-07-20,0.005
2004-07-21,0.097
2004-07-22,0.019
2004-07-23,0.008
2004-07-24,0.012
2004-07-25,0.074
2004-07-26,0.128
2004-07-27,0.454
2004-07-28,0.604
2004-07-29,0.113
2004-07-30,0.1
2004-07-31,0.13
2004-08-01,0.368
2004-08-02,0.551
2004-08-03,1.204
2004-08-04,0.139
2004-08-05,0.043
2004-08-06,0.429
2004-08-07,0.116
2004-08-08,0.048
2004-08-09,0.089
2004-08-10,0.054
2004-08-11,0.091
2004-08-12,0.042
2004-08-13,0.056
2004-08-14,0.067
2004-08-15,0.103
2004-08-16,0.278
2004-08-17,0.04
2004-08-18,0.045
2004-08-19,0.011
2004-08-20,0.046
2004-08-21,0.268
2004-08-22,0.295
2004-08-23,0.142
2004-08-24,0.082
2004-08-25,0.072
2004-08-26,0.095
2004-08-27,0.138
2004-08-28,0.295
2004-08-29,0.308
2004-08-30,0.082
2004-08-31,0.018
2004-09-01,0.128
2004-09-02,0.015
2004-09-03,0.003
2004-09-04,0.002
2004-09-05,0.002
2004-09-06,0.053
2004-09-07,0.036
2004-09-08,0.014
2004-09-09,0.031
2004-09-10,0.069
2004-09-11,0.198
2004-09-12,0.052
2004-09-13,0.08
2004-09-14,0.337
2004-09-15,0.242
2004-09-16,0.104
2004-09-17,0.133
2004-09-18,0.121
2004-09-19,0.167
2004-09-20,0.103
2004-09-21,0.034
2004-09-22,0.137
2004-09-23,0.329
2004-09-24,0.148
2004-09-25,0.26
2004-09-26,0.383
2004-09-27,0.087
2004-09-28,0.254
2004-09-29,0.308
2004-09-30,0.724
2004-10-01,0.931
2004-10-02,0.641
2004-10-03,0.065
2004-10-04,0.067
2004-10-05,0.007
2004-10-06,0.004
2004-10-07,0.019
2004-10-08,0.05
2004-10-09,0.061
2004-10-10,0.552
2004-10-11,0.719
2004-10-12,0.195
2004-10-13,0.126
2004-10-14,0.084
2004-10-15,0.339
2004-10-16,0.386
2004-10-17,0.198
2004-10-18,0.479
2004-10-19,1.773
2004-10-20,0.462
2004-10-21,0.087
2004-10-22,0.126
2004-10-23,0.249
2004-10-24,0.23
2004-10-25,0.933
2004-10-26,0.737
2004-10-27,0.317
2004-10-28,0.175
2004-10-29,0.093
2004-10-30,1.329
2004-10-31,1.078
2004-11-01,0.279
2004-11-02,0.155
2004-11-03,0.191
2004-11-04,0.171
2004-11-05,0.018
2004-11-06,0.039
2004-11-07,0.018
2004-11-08,0.008
2004-11-09,0.02
2004-11-10,0.012
2004-11-11,0.051
2004-11-12,0.009
2004-11-13,0.031
2004-11-14,1.741
2004-11-15,1.859
2004-11-16,0.612
2004-11-17,0.233
2004-11-18,0.624
2004-11-19,0.047
2004-11-20,0.005
2004-11-21,0.021
2004-11-22,0.178
2004-11-23,0.075
2004-11-24,0.74
2004-11-25,0.724
2004-11-26,0.08
2004-11-27,0.196
2004-11-28,0.447
2004-11-29,0.817
2004-11-30,1.052
2004-12-01,1.394
2004-12-02,0.542
2004-12-03,0.196
2004-12-04,0.384
2004-12-05,0.152
2004-12-06,0.816
2004-12-07,2.1
2004-12-08,0.275
2004-12-09,0.241
2004-12-10,0.124
2004-12-11,0.027
2004-12-12,0.005
2004-12-13,0.0
2004-12-14,0.003
2004-12-15,0.023
2004-12-16,0.024
2004-12-17,0.107
2004-12-18,0.152
2004-12-19,0.099
2004-12-20,0.511
2004-12-21,0.175
2004-12-22,0.015
2004-12-23,0.468
2004-12-24,0.154
2004-12-25,0.106
2004-12-26,0.96
2004-12-27,0.442
2004-12-28,0.088
2004-12-29,0.04
2004-12-30,0.08
2004-12-31,0.028
2005-01-01,0.224
2005-01-02,0.539
2005-01-03,0.078
2005-01-04,0.006
2005-01-05,0.008
2005-01-06,0.142
2005-01-07,0.252
2005-01-08,0.358
2005-01-09,0.519
2005-01-10,1.428
2005-01-11,0.211
2005-01-12,0.012
2005-01-13,0.002
2005-01-14,0.0
2005-01-15,0.0
2005-01-16,0.0
2005-01-17,0.0
2005-01-18,0.0
2005-01-19,0.0
2005-01-20,0.0
2005-01-21,0.085
2005-01-22,0.038
2005-01-23,0.005
2005-01-24,0.009
2005-01-25,0.012
2005-01-26,0.048
2005-01-27,0.097
2005-01-28,0.014
2005-01-29,0.002
2005-01-30,0.048
2005-01-31,0.013
2005-02-01,0.089
2005-02-02,0.558
2005-02-03,3.364
2005-02-04,1.082
2005-02-05,0.036
2005-02-06,0.014
2005-02-07,0.021
2005-02-08,0.055
2005-02-09,0.085
2005-02-10,0.091
2005-02-11,0.05
2005-02-12,0.379
2005-02-13,0.548
2005-02-14,0.036
2005-02-15,0.028
2005-02-16,0.022
2005-02-17,0.028
2005-02-18,0.012
2005-02-19,0.001
2005-02-20,0.001
2005-02-21,0.001
2005-02-22,0.002
2005-02-23,0.025
2005-02-24,0.054
2005-02-25,0.179
2005-02-26,0.291
2005-02-27,0.309
2005-02-28,0.05
2005-03-01,0.002
2005-03-02,0.001
2005-03-03,0.001
2005-03-04,0.0
2005-03-05,0.002
2005-03-06,0.016
2005-03-07,0.01
2005-03-08,0.001
2005-03-09,0.21
2005-03-10,1.763
2005-03-11,1.097
2005-03-12,0.722
2005-03-13,0.056
2005-03-14,0.004
2005-03-15,0.002
2005-03-16,0.0
2005-03-17,0.0
2005-03-18,0.008
2005-03-19,0.018
2005-03-20,0.03
2005-03-21,0.143
2005-03-22,0.147
2005-03-23,0.07
2005-03-24,0.087
2005-03-25,0.111
2005-03-26,1.459
2005-03-27,2.295
2005-03-28,1.625
2005-03-29,2.287
2005-03-30,1.619
2005-03-31,0.227
2005-04-01,0.372
2005-04-02,0.496
2005-04-03,0.284
2005-04-04,0.088
2005-04-05,0.243
2005-04-06,0.254
2005-04-07,0.183
2005-04-08,0.273
2005-04-09,0.841
2005-04-10,0.507
2005-04-11,0.693
2005-04-12,0.537
2005-04-13,0.334
2005-04-14,0.448
2005-04-15,0.754
2005-04-16,0.756
2005-04-17,0.286
2005-04-18,0.041
2005-04-19,0.052
2005-04-20,0.069
2005-04-21,0.015
2005-04-22,0.011
2005-04-23,0.031
2005-04-24,0.045
2005-04-25,0.031
2005-04-26,0.219
2005-04-27,0.095
2005-04-28,0.094
2005-04-29,0.018
2005-04-30,0.0
2005-05-01,0.0
2005-05-02,0.0
2005-05-03,0.002
2005-05-04,0.011
2005-05-05,0.02
2005-05-06,0.137
2005-05-07,0.188
2005-05-08,0.009
2005-05-09,0.036
2005-05-10,0.01
2005-05-11,0.014
2005-05-12,0.06
2005-05-13,0.04
2005-05-14,0.065
2005-05-15,0.147
2005-05-16,0.017
2005-05-17,0.006
2005-05-18,0.002
2005-05-19,0.295
2005-05-20,0.283
2005-05-21,0.017
2005-05-22,0.04
2005-05-23,0.097
2005-05-24,0.063
2005-05-25,0.306
2005-05-26,0.233
2005-05-27,0.156
2005-05-28,0.112
2005-05-29,0.095
2005-05-30,0.094
2005-05-31,0.13
2005-06-01,0.196
2005-06-02,0.144
2005-06-03,0.268
2005-06-04,0.272
2005-06-05,0.502
2005-06-06,0.466
2005-06-07,0.348
2005-06-08,0.369
2005-06-09,0.541
2005-06-10,0.307
2005-06-11,0.65
2005-06-12,0.622
2005-06-13,0.152
2005-06-14,0.11
2005-06-15,0.032
2005-06-16,0.246
2005-06-17,0.22
2005-06-18,0.032
2005-06-19,0.028
2005-06-20,0.588
2005-06-21,1.398
2005-06-22,1.704
2005-06-23,0.506
2005-06-24,0.415
2005-06-25,0.173
2005-06-26,0.138
2005-06-27,0.189
2005-06-28,0.082
2005-06-29,0.172
2005-06-30,0.31
2005-07-01,0.279
2005-07-02,0.192
2005-07-03,0.17
2005-07-04,0.217
2005-07-05,0.193
2005-07-06,0.192
2005-07-07,0.253
2005-07-08,0.372
2005-07-09,0.507
2005-07-10,0.751
2005-07-11,0.688
2005-07-12,0.864
2005-07-13,0.332
2005-07-14,0.923
2005-07-15,0.266
2005-07-16,0.217
2005-07-17,0.282
2005-07-18,0.188
2005-07-19,0.105
2005-07-20,0.044
2005-07-21,0.256
2005-07-22,0.07
2005-07-23,0.185
2005-07-24,0.144
2005-07-25,0.068
2005-07-26,0.133
2005-07-27,0.08
2005-07-28,0.475
2005-07-29,0.315
2005-07-30,0.107
2005-07-31,0.147
2005-08-01,0.197
2005-08-02,0.188
2005-08-03,0.161
2005-08-04,0.332
2005-08-05,0.06
2005-08-06,1.232
2005-08-07,1.622
2005-08-08,0.413
2005-08-09,0.376
2005-08-10,0.197
2005-08-11,0.075
2005-08-12,0.044
2005-08-13,0.05
2005-08-14,0.065
2005-08-15,0.321
2005-08-16,0.134
2005-08-17,0.207
2005-08-18,0.329
2005-08-19,0.744
2005-08-20,0.205
2005-08-21,0.004
2005-08-22,0.019
2005-08-23,0.137
2005-08-24,0.116
2005-08-25,0.142
2005-08-26,0.008
2005-08-27,0.025
2005-08-28,0.017
2005-08-29,0.019
2005-08-30,0.045
2005-08-31,0.18
2005-09-01,0.329
2005-09-02,0.179
2005-09-03,0.203
2005-09-04,0.472
2005-09-05,0.477
2005-09-06,0.505
2005-09-07,0.568
2005-09-08,0.284
2005-09-09,0.345
2005-09-10,0.23
2005-09-11,0.134
2005-09-12,0.498
2005-09-13,2.627
2005-09-14,3.689
2005-09-15,4.688
2005-09-16,0.76
2005-09-17,0.185
2005-09-18,0.121
2005-09-19,0.106
2005-09-20,0.138
2005-09-21,0.095
2005-09-22,0.686
2005-09-23,0.278
2005-09-24,0.04
2005-09-25,0.357
2005-09-26,0.482
2005-09-27,0.496
2005-09-28,0.383
2005-09-29,0.562
2005-09-30,1.181
2005-10-01,0.536
2005-10-02,0.253
2005-10-03,0.348
2005-10-04,0.23
2005-10-05,0.553
2005-10-06,0.545
2005-10-07,0.303
2005-10-08,0.188
2005-10-09,0.164
2005-10-10,0.349
2005-10-11,0.27
2005-10-12,0.324
2005-10-13,0.358
2005-10-14,0.148
2005-10-15,0.393
2005-10-16,0.936
2005-10-17,0.106
2005-10-18,0.07
2005-10-19,0.034
2005-10-20,0.073
2005-10-21,0.08
2005-10-22,0.411
2005-10-23,1.114
2005-10-24,0.475
2005-10-25,0.545
2005-10-26,0.645
2005-10-27,2.113
2005-10-28,1.944
2005-10-29,0.427
2005-10-30,0.48
2005-10-31,0.794
2005-11-01,0.955
2005-11-02,0.69
2005-11-03,0.29
2005-11-04,0.033
2005-11-05,0.089
2005-11-06,0.172
2005-11-07,0.562
2005-11-08,3.087
2005-11-09,1.278
2005-11-10,0.197
2005-11-11,0.546
2005-11-12,0.6
2005-11-13,0.189
2005-11-14,0.605
2005-11-15,0.322
2005-11-16,0.108
2005-11-17,0.208
2005-11-18,0.098
2005-11-19,0.097
2005-11-20,0.041
2005-11-21,0.009
2005-11-22,0.001
2005-11-23,0.0
2005-11-24,0.001
2005-11-25,0.025
2005-11-26,0.055
2005-11-27,0.012
2005-11-28,0.007
2005-11-29,0.013
2005-11-30,0.311
2005-12-01,0.043
2005-12-02,0.002
2005-12-03,0.001
2005-12-04,0.005
2005-12-05,0.106
2005-12-06,0.937
2005-12-07,2.726
2005-12-08,1.215
2005-12-09,0.196
2005-12-10,0.305
2005-12-11,0.244
2005-12-12,0.108
2005-12-13,0.031
2005-12-14,0.0
2005-12-15,0.0
2005-12-16,0.0
2005-12-17,0.001
2005-12-18,0.003
2005-12-19,0.011
2005-12-20,0.005
2005-12-21,0.009
2005-12-22,0.025
2005-12-23,0.009
2005-12-24,0.002
2005-12-25,0.0
2005-12-26,0.004
2005-12-27,0.005
2005-12-28,0.002
2005-12-29,0.003
2005-12-30,0.004
2005-12-31,0.006
2006-01-01,0.002
2006-01-02,0.007
2006-01-03,0.017
2006-01-04,0.067
2006-01-05,0.233
2006-01-06,0.159
2006-01-07,0.079
2006-01-08,0.15
2006-01-09,0.498
2006-01-10,0.345
2006-01-11,0.357
2006-01-12,0.214
2006-01-13,0.299
2006-01-14,0.079
2006-01-15,0.163
2006-01-16,0.569
2006-01-17,0.288
2006-01-18,0.717
2006-01-19,0.357
2006-01-20,0.469
2006-01-21,0.658
2006-01-22,0.673
2006-01-23,0.031
2006-01-24,0.079
2006-01-25,2.365
2006-01-26,2.164
2006-01-27,0.807
2006-01-28,0.226
2006-01-29,0.063
2006-01-30,0.058
2006-01-31,0.022
2006-02-01,0.011
2006-02-02,0.304
2006-02-03,0.406
2006-02-04,0.112
2006-02-05,0.023
2006-02-06,0.025
2006-02-07,0.022
2006-02-08,0.018
2006-02-09,0.172
2006-02-10,0.179
2006-02-11,0.446
2006-02-12,0.386
2006-02-13,0.381
2006-02-14,0.184
2006-02-15,0.297
2006-02-16,0.189
2006-02-17,0.049
2006-02-18,0.107
2006-02-19,0.165
2006-02-20,1.443
2006-02-21,1.695
2006-02-22,0.482
2006-02-23,0.11
2006-02-24,0.066
2006-02-25,0.162
2006-02-26,1.295
2006-02-27,0.687
2006-02-28,0.625
2006-03-01,1.38
2006-03-02,1.302
2006-03-03,0.698
2006-03-04,0.476
2006-03-05,0.261
2006-03-06,0.081
2006-03-07,1.57
2006-03-08,4.884
2006-03-09,2.477
2006-03-10,1.455
2006-03-11,1.143
2006-03-12,0.699
2006-03-13,1.468
2006-03-14,1.272
2006-03-15,0.926
2006-03-16,0.404
2006-03-17,0.105
2006-03-18,2.308
2006-03-19,2.516
2006-03-20,0.2
2006-03-21,0.082
2006-03-22,0.042
2006-03-23,0.087
2006-03-24,0.036
2006-03-25,0.069
2006-03-26,0.131
2006-03-27,0.48
2006-03-28,0.055
2006-03-29,0.014
2006-03-30,0.008
2006-03-31,0.005
2006-04-01,0.044
2006-04-02,1.077
2006-04-03,0.372
2006-04-04,0.262
2006-04-05,0.125
2006-04-06,0.22
2006-04-07,0.225
2006-04-08,0.103
2006-04-09,0.119
2006-04-10,0.175
2006-04-11,0.402
2006-04-12,0.75
2006-04-13,0.373
2006-04-14,0.377
2006-04-15,0.462
2006-04-16,0.505
2006-04-17,0.311
2006-04-18,0.396
2006-04-19,0.218
2006-04-20,0.218
2006-04-21,0.179
2006-04-22,0.23
2006-04-23,0.238
2006-04-24,0.297
2006-04-25,0.319
2006-04-26,0.1
2006-04-27,0.351
2006-04-28,0.366
2006-04-29,0.118
2006-04-30,0.039
2006-05-01,0.028
2006-05-02,0.123
2006-05-03,0.079
2006-05-04,0.049
2006-05-05,2.66
2006-05-06,5.306
2006-05-07,3.411
2006-05-08,1.591
2006-05-09,1.303
2006-05-10,0.704
2006-05-11,0.447
2006-05-12,0.681
2006-05-13,0.341
2006-05-14,1.253
2006-05-15,0.76
2006-05-16,0.075
2006-05-17,0.174
2006-05-18,0.616
2006-05-19,0.531
2006-05-20,0.59
2006-05-21,0.396
2006-05-22,0.293
2006-05-23,0.053
2006-05-24,0.056
2006-05-25,0.037
2006-05-26,0.044
2006-05-27,0.217
2006-05-28,0.177
2006-05-29,0.012
2006-05-30,0.022
2006-05-31,0.021
2006-06-01,0.053
2006-06-02,0.049
2006-06-03,0.006
2006-06-04,0.003
2006-06-05,0.01
2006-06-06,0.079
2006-06-07,0.082
2006-06-08,0.066
2006-06-09,0.002
2006-06-10,0.017
2006-06-11,0.013
2006-06-12,0.015
2006-06-13,0.163
2006-06-14,0.553
2006-06-15,0.679
2006-06-16,0.513
2006-06-17,0.379
2006-06-18,0.222
2006-06-19,0.25
2006-06-20,0.526
2006-06-21,0.615
2006-06-22,0.264
2006-06-23,0.098
2006-06-24,0.034
2006-06-25,0.091
2006-06-26,0.048
2006-06-27,0.022
2006-06-28,0.02
2006-06-29,0.012
2006-06-30,0.006
2006-07-01,0.014
2006-07-02,0.049
2006-07-03,0.201
2006-07-04,0.615
2006-07-05,0.138
2006-07-06,0.275
2006-07-07,0.367
2006-07-08,0.543
2006-07-09,0.358
2006-07-10,0.309
2006-07-11,0.344
2006-07-12,0.326
2006-07-13,0.148
2006-07-14,0.171
2006-07-15,0.418
2006-07-16,0.321
2006-07-17,0.089
2006-07-18,0.006
2006-07-19,0.07
2006-07-20,0.092
2006-07-21,0.065
2006-07-22,0.022
2006-07-23,0.016
2006-07-24,0.02
2006-07-25,0.029
2006-07-26,0.185
2006-07-27,0.379
2006-07-28,1.177
2006-07-29,1.568
2006-07-30,0.18
2006-07-31,0.003
2006-08-01,0.004
2006-08-02,0.007
2006-08-03,0.056
2006-08-04,0.134
2006-08-05,0.902
2006-08-06,1.107
2006-08-07,0.356
2006-08-08,0.064
2006-08-09,0.091
2006-08-10,0.122
2006-08-11,0.149
2006-08-12,0.283
2006-08-13,0.146
2006-08-14,0.324
2006-08-15,0.254
2006-08-16,0.053
2006-08-17,0.115
2006-08-18,0.235
2006-08-19,0.428
2006-08-20,0.367
2006-08-21,0.097
2006-08-22,0.088
2006-08-23,0.017
2006-08-24,0.013
2006-08-25,0.029
2006-08-26,0.178
2006-08-27,0.284
2006-08-28,0.206
2006-08-29,0.176
2006-08-30,0.282
2006-08-31,0.211
2006-09-01,0.061
2006-09-02,0.032
2006-09-03,0.003
2006-09-04,0.001
2006-09-05,0.045
2006-09-06,1.052
2006-09-07,0.515
2006-09-08,0.163
2006-09-09,0.135
2006-09-10,0.097
2006-09-11,0.039
2006-09-12,0.01
2006-09-13,0.08
2006-09-14,0.311
2006-09-15,0.219
2006-09-16,0.098
2006-09-17,0.145
2006-09-18,0.387
2006-09-19,0.407
2006-09-20,0.53
2006-09-21,0.413
2006-09-22,0.219
2006-09-23,0.051
2006-09-24,0.743
2006-09-25,1.389
2006-09-26,0.807
2006-09-27,0.432
2006-09-28,0.474
2006-09-29,0.73
2006-09-30,0.47
2006-10-01,0.315
2006-10-02,0.165
2006-10-03,0.063
2006-10-04,0.093
2006-10-05,1.232
2006-10-06,0.886
2006-10-07,0.393
2006-10-08,0.037
2006-10-09,0.003
2006-10-10,0.004
2006-10-11,0.001
2006-10-12,0.002
2006-10-13,0.042
2006-10-14,0.038
2006-10-15,0.026
2006-10-16,1.797
2006-10-17,0.727
2006-10-18,0.028
2006-10-19,0.588
2006-10-20,0.749
2006-10-21,0.147
2006-10-22,0.093
2006-10-23,0.183
2006-10-24,0.267
2006-10-25,0.108
2006-10-26,0.04
2006-10-27,0.012
2006-10-28,0.019
2006-10-29,0.128
2006-10-30,0.586
2006-10-31,0.376
2006-11-01,0.427
2006-11-02,0.61
2006-11-03,0.183
2006-11-04,0.019
2006-11-05,0.005
2006-11-06,0.006
2006-11-07,0.012
2006-11-08,0.079
2006-11-09,0.137
2006-11-10,0.08
2006-11-11,0.152
2006-11-12,0.203
2006-11-13,0.111
2006-11-14,0.014
2006-11-15,0.006
2006-11-16,0.037
2006-11-17,0.016
2006-11-18,0.01
2006-11-19,0.035
2006-11-20,0.1
2006-11-21,0.144
2006-11-22,0.073
2006-11-23,0.02
2006-11-24,0.016
2006-11-25,0.666
2006-11-26,0.509
2006-11-27,0.316
2006-11-28,0.027
2006-11-29,0.005
2006-11-30,0.438
2006-12-01,1.134
2006-12-02,1.463
2006-12-03,0.494
2006-12-04,0.104
2006-12-05,0.041
2006-12-06,0.096
2006-12-07,0.108
2006-12-08,0.012
2006-12-09,0.002
2006-12-10,0.006
2006-12-11,0.025
2006-12-12,0.047
2006-12-13,0.083
2006-12-14,0.258
2006-12-15,0.498
2006-12-16,0.572
2006-12-17,0.429
2006-12-18,0.288
2006-12-19,0.108
2006-12-20,0.037
2006-12-21,0.043
2006-12-22,0.017
2006-12-23,0.136
2006-12-24,0.227
2006-12-25,0.063
2006-12-26,0.008
2006-12-27,0.028
2006-12-28,0.012
2006-12-29,0.04
2006-12-30,0.06
2006-12-31,0.165
2007-01-01,0.111
2007-01-02,0.674
2007-01-03,1.169
2007-01-04,1.024
2007-01-05,0.994
2007-01-06,1.486
2007-01-07,1.832
2007-01-08,1.317
2007-01-09,1.213
2007-01-10,0.516
2007-01-11,0.227
2007-01-12,0.209
2007-01-13,0.179
2007-01-14,0.139
2007-01-15,0.449
2007-01-16,0.415
2007-01-17,0.15
2007-01-18,0.188
2007-01-19,0.123
2007-01-20,0.042
2007-01-21,0.034
2007-01-22,0.014
2007-01-23,0.052
2007-01-24,0.02
2007-01-25,0.043
2007-01-26,0.01
2007-01-27,0.0
2007-01-28,0.0
2007-01-29,0.0
2007-01-30,0.002
2007-01-31,0.007
2007-02-01,0.084
2007-02-02,0.106
2007-02-03,0.105
2007-02-04,0.041
2007-02-05,0.049
2007-02-06,0.038
2007-02-07,0.101
2007-02-08,0.255
2007-02-09,0.371
2007-02-10,0.327
2007-02-11,0.249
2007-02-12,0.065
2007-02-13,0.07
2007-02-14,0.043
2007-02-15,0.084
2007-02-16,0.632
2007-02-17,0.499
2007-02-18,0.329
2007-02-19,0.426
2007-02-20,0.232
2007-02-21,0.315
2007-02-22,0.768
2007-02-23,1.054
2007-02-24,0.691
2007-02-25,0.337
2007-02-26,0.539
2007-02-27,1.836
2007-02-28,1.984
2007-03-01,0.997
2007-03-02,0.197
2007-03-03,0.406
2007-03-04,0.101
2007-03-05,0.012
2007-03-06,0.011
2007-03-07,0.007
2007-03-08,0.004
2007-03-09,0.008
2007-03-10,0.034
2007-03-11,0.037
2007-03-12,0.019
2007-03-13,0.022
2007-03-14,0.433
2007-03-15,0.188
2007-03-16,0.065
2007-03-17,0.328
2007-03-18,0.221
2007-03-19,0.18
2007-03-20,0.29
2007-03-21,0.111
2007-03-22,0.316
2007-03-23,0.172
2007-03-24,0.436
2007-03-25,0.406
2007-03-26,0.13
2007-03-27,0.067
2007-03-28,0.013
2007-03-29,0.024
2007-03-30,0.025
2007-03-31,0.04
2007-04-01,0.083
2007-04-02,0.035
2007-04-03,0.006
2007-04-04,0.002
2007-04-05,0.001
2007-04-06,0.001
2007-04-07,0.002
2007-04-08,0.089
2007-04-09,0.142
2007-04-10,0.202
2007-04-11,0.052
2007-04-12,0.061
2007-04-13,0.046
2007-04-14,0.159
2007-04-15,0.461
2007-04-16,0.488
2007-04-17,1.077
2007-04-18,0.93
2007-04-19,0.423
2007-04-20,0.493
2007-04-21,0.915
2007-04-22,0.387
2007-04-23,0.791
2007-04-24,0.49
2007-04-25,0.088
2007-04-26,0.06
2007-04-27,0.019
2007-04-28,0.146
2007-04-29,0.17
2007-04-30,0.118
2007-05-01,0.254
2007-05-02,0.155
2007-05-03,0.048
2007-05-04,0.003
2007-05-05,0.004
2007-05-06,0.066
2007-05-07,0.233
2007-05-08,0.131
2007-05-09,0.218
2007-05-10,0.233
2007-05-11,0.072
2007-05-12,0.166
2007-05-13,0.038
2007-05-14,0.013
2007-05-15,0.109
2007-05-16,0.04
2007-05-17,0.117
2007-05-18,0.103
2007-05-19,0.064
2007-05-20,0.008
2007-05-21,0.005
2007-05-22,0.014
2007-05-23,0.066
2007-05-24,0.089
2007-05-25,0.052
2007-05-26,0.008
2007-05-27,0.022
2007-05-28,0.033
2007-05-29,0.019
2007-05-30,0.012
2007-05-31,0.0
2007-06-01,0.0
2007-06-02,0.001
2007-06-03,0.001
2007-06-04,0.0
2007-06-05,0.0
2007-06-06,0.037
2007-06-07,0.182
2007-06-08,0.146
2007-06-09,0.183
2007-06-10,0.23
2007-06-11,0.242
2007-06-12,0.209
2007-06-13,0.498
2007-06-14,0.623
2007-06-15,0.464
2007-06-16,0.626
2007-06-17,0.116
2007-06-18,0.147
2007-06-19,0.308
2007-06-20,0.129
2007-06-21,0.081
2007-06-22,0.055
2007-06-23,0.216
2007-06-24,0.241
2007-06-25,0.125
2007-06-26,0.12
2007-06-27,0.383
2007-06-28,0.432
2007-06-29,0.167
2007-06-30,0.259
2007-07-01,0.306
2007-07-02,0.292
2007-07-03,0.077
2007-07-04,0.065
2007-07-05,0.027
2007-07-06,0.076
2007-07-07,0.153
2007-07-08,0.14
2007-07-09,0.087
2007-07-10,0.112
2007-07-11,0.153
2007-07-12,0.042
2007-07-13,0.003
2007-07-14,0.006
2007-07-15,0.428
2007-07-16,0.336
2007-07-17,0.065
2007-07-18,0.024
2007-07-19,0.07
2007-07-20,1.116
2007-07-21,0.998
2007-07-22,0.305
2007-07-23,0.073
2007-07-24,0.051
2007-07-25,0.086
2007-07-26,0.29
2007-07-27,0.203
2007-07-28,0.158
2007-07-29,0.113
2007-07-30,0.295
2007-07-31,0.093
2007-08-01,0.025
2007-08-02,1.101
2007-08-03,0.418
2007-08-04,0.054
2007-08-05,0.073
2007-08-06,0.035
2007-08-07,0.06
2007-08-08,0.056
2007-08-09,0.04
2007-08-10,0.108
2007-08-11,0.26
2007-08-12,0.289
2007-08-13,0.812
2007-08-14,1.34
2007-08-15,0.379
2007-08-16,0.127
2007-08-17,0.145
2007-08-18,0.158
2007-08-19,0.28
2007-08-20,0.412
2007-08-21,0.196
2007-08-22,0.106
2007-08-23,0.003
2007-08-24,0.001
2007-08-25,0.004
2007-08-26,0.003
2007-08-27,0.039
2007-08-28,0.087
2007-08-29,0.168
2007-08-30,0.26
2007-08-31,0.227
2007-09-01,0.301
2007-09-02,0.135
2007-09-03,0.281
2007-09-04,0.153
2007-09-05,0.104
2007-09-06,0.02
2007-09-07,0.02
2007-09-08,0.154
2007-09-09,0.093
2007-09-10,0.04
2007-09-11,0.041
2007-09-12,0.19
2007-09-13,0.104
2007-09-14,0.123
2007-09-15,0.24
2007-09-16,0.47
2007-09-17,0.676
2007-09-18,0.841
2007-09-19,1.248
2007-09-20,0.459
2007-09-21,0.348
2007-09-22,0.424
2007-09-23,0.186
2007-09-24,0.064
2007-09-25,0.478
2007-09-26,0.37
2007-09-27,0.103
2007-09-28,0.109
2007-09-29,0.717
2007-09-30,0.754
2007-10-01,1.303
2007-10-02,0.562
2007-10-03,0.731
2007-10-04,0.413
2007-10-05,0.193
2007-10-06,0.286
2007-10-07,0.554
2007-10-08,0.243
2007-10-09,0.264
2007-10-10,0.175
2007-10-11,0.115
2007-10-12,0.039
2007-10-13,0.039
2007-10-14,0.061
2007-10-15,0.062
2007-10-16,0.534
2007-10-17,0.189
2007-10-18,0.068
2007-10-19,0.068
2007-10-20,0.031
2007-10-21,0.045
2007-10-22,0.016
2007-10-23,0.049
2007-10-24,0.322
2007-10-25,0.527
2007-10-26,0.332
2007-10-27,0.396
2007-10-28,0.301
2007-10-29,0.323
2007-10-30,0.507
2007-10-31,0.26
2007-11-01,1.311
2007-11-02,0.953
2007-11-03,0.073
2007-11-04,0.97
2007-11-05,0.307
2007-11-06,0.208
2007-11-07,0.044
2007-11-08,0.128
2007-11-09,0.209
2007-11-10,0.198
2007-11-11,0.216
2007-11-12,0.232
2007-11-13,0.035
2007-11-14,0.068
2007-11-15,0.058
2007-11-16,0.055
2007-11-17,1.131
2007-11-18,0.879
2007-11-19,0.104
2007-11-20,0.249
2007-11-21,0.23
2007-11-22,0.796
2007-11-23,0.123
2007-11-24,0.033
2007-11-25,0.063
2007-11-26,0.686
2007-11-27,0.401
2007-11-28,0.063
2007-11-29,0.033
2007-11-30,0.014
2007-12-01,0.002
2007-12-02,0.01
2007-12-03,0.101
2007-12-04,0.138
2007-12-05,0.816
2007-12-06,0.905
2007-12-07,0.319
2007-12-08,0.197
2007-12-09,0.358
2007-12-10,0.205
2007-12-11,1.275
2007-12-12,1.559
2007-12-13,1.154
2007-12-14,0.662
2007-12-15,1.331
2007-12-16,0.841
2007-12-17,0.299
2007-12-18,0.414
2007-12-19,0.613
2007-12-20,0.192
2007-12-21,0.533
2007-12-22,0.498
2007-12-23,0.738
2007-12-24,2.145
2007-12-25,1.357
2007-12-26,0.604
2007-12-27,1.629
2007-12-28,0.91
2007-12-29,0.484
2007-12-30,0.109
2007-12-31,0.347
2008-01-01,0.471
2008-01-02,0.183
2008-01-03,0.209
2008-01-04,0.08
2008-01-05,0.041
2008-01-06,0.025
2008-01-07,0.004
2008-01-08,0.008
2008-01-09,0.014
2008-01-10,0.1
2008-01-11,0.149
2008-01-12,0.206
2008-01-13,0.121
2008-01-14,0.034
2008-01-15,0.036
2008-01-16,0.019
2008-01-17,0.347
2008-01-18,0.385
2008-01-19,0.459
2008-01-20,0.234
2008-01-21,0.301
2008-01-22,0.332
2008-01-23,0.44
2008-01-24,0.107
2008-01-25,1.077
2008-01-26,1.125
2008-01-27,0.672
2008-01-28,0.606
2008-01-29,2.357
2008-01-30,1.917
2008-01-31,2.532
2008-02-01,4.087
2008-02-02,9.872
2008-02-03,6.724
2008-02-04,3.415
2008-02-05,2.977
2008-02-06,1.21
2008-02-07,2.129
2008-02-08,1.633
2008-02-09,1.193
2008-02-10,0.208
2008-02-11,0.227
2008-02-12,0.127
2008-02-13,0.106
2008-02-14,0.104
2008-02-15,0.045
2008-02-16,0.009
2008-02-17,0.002
2008-02-18,0.0
2008-02-19,0.0
2008-02-20,0.0
2008-02-21,0.0
2008-02-22,0.003
2008-02-23,0.002
2008-02-24,0.0
2008-02-25,0.019
2008-02-26,0.026
2008-02-27,0.009
2008-02-28,0.001
2008-02-29,0.006
2008-03-01,0.005
2008-03-02,0.009
2008-03-03,0.003
2008-03-04,0.01
2008-03-05,0.01
2008-03-06,0.002
2008-03-07,0.046
2008-03-08,0.02
2008-03-09,0.003
2008-03-10,0.002
2008-03-11,0.029
2008-03-12,0.174
2008-03-13,0.238
2008-03-14,0.177
2008-03-15,0.344
2008-03-16,0.523
2008-03-17,1.22
2008-03-18,0.916
2008-03-19,0.318
2008-03-20,0.301
2008-03-21,0.389
2008-03-22,0.328
2008-03-23,0.151
2008-03-24,0.09
2008-03-25,0.033
2008-03-26,0.051
2008-03-27,0.07
2008-03-28,0.146
2008-03-29,0.104
2008-03-30,0.058
2008-03-31,0.243
2008-04-01,0.081
2008-04-02,0.026
2008-04-03,0.013
2008-04-04,0.01
2008-04-05,0.022
2008-04-06,0.079
2008-04-07,0.112
2008-04-08,1.427
2008-04-09,1.012
2008-04-10,0.225
2008-04-11,0.118
2008-04-12,0.128
2008-04-13,0.229
2008-04-14,0.39
2008-04-15,0.468
2008-04-16,0.057
2008-04-17,0.024
2008-04-18,0.089
2008-04-19,0.736
2008-04-20,0.381
2008-04-21,0.052
2008-04-22,0.035
2008-04-23,0.011
2008-04-24,0.009
2008-04-25,0.058
2008-04-26,0.023
2008-04-27,0.02
2008-04-28,0.06
2008-04-29,0.036
2008-04-30,0.006
2008-05-01,0.011
2008-05-02,0.085
2008-05-03,0.481
2008-05-04,0.832
2008-05-05,0.177
2008-05-06,0.302
2008-05-07,0.602
2008-05-08,0.436
2008-05-09,0.242
2008-05-10,0.455
2008-05-11,0.419
2008-05-12,0.088
2008-05-13,0.02
2008-05-14,0.054
2008-05-15,0.026
2008-05-16,0.0
2008-05-17,0.0
2008-05-18,0.022
2008-05-19,0.032
2008-05-20,0.025
2008-05-21,0.005
2008-05-22,0.001
2008-05-23,0.005
2008-05-24,0.069
2008-05-25,0.169
2008-05-26,0.059
2008-05-27,0.065
2008-05-28,0.071
2008-05-29,0.044
2008-05-30,0.127
2008-05-31,0.038
2008-06-01,0.03
2008-06-02,0.012
2008-06-03,0.069
2008-06-04,0.113
2008-06-05,0.03
2008-06-06,0.026
2008-06-07,0.094
2008-06-08,0.066
2008-06-09,0.154
2008-06-10,0.277
2008-06-11,0.212
2008-06-12,0.074
2008-06-13,0.119
2008-06-14,0.283
2008-06-15,0.078
2008-06-16,0.017
2008-06-17,0.043
2008-06-18,0.098
2008-06-19,0.097
2008-06-20,0.189
2008-06-21,0.314
2008-06-22,0.183
2008-06-23,0.07
2008-06-24,0.206
2008-06-25,0.146
2008-06-26,0.033
2008-06-27,0.01
2008-06-28,0.003
2008-06-29,0.001
2008-06-30,0.003
2008-07-01,0.059
2008-07-02,0.171
2008-07-03,0.123
2008-07-04,0.165
2008-07-05,0.062
2008-07-06,0.002
2008-07-07,0.021
2008-07-08,0.019
2008-07-09,0.01
2008-07-10,0.049
2008-07-11,0.066
2008-07-12,0.044
2008-07-13,0.003
2008-07-14,0.001
2008-07-15,0.089
2008-07-16,0.229
2008-07-17,0.438
2008-07-18,0.55
2008-07-19,0.313
2008-07-20,0.059
2008-07-21,0.241
2008-07-22,0.979
2008-07-23,0.764
2008-07-24,0.192
2008-07-25,0.083
2008-07-26,0.09
2008-07-27,0.103
2008-07-28,0.66
2008-07-29,0.504
2008-07-30,0.198
2008-07-31,0.08
2008-08-01,0.021
2008-08-02,0.052
2008-08-03,0.166
2008-08-04,0.05
2008-08-05,0.163
2008-08-06,0.274
2008-08-07,0.293
2008-08-08,0.209
2008-08-09,0.186
2008-08-10,0.229
2008-08-11,0.109
2008-08-12,0.058
2008-08-13,0.246
2008-08-14,0.257
2008-08-15,0.098
2008-08-16,0.083
2008-08-17,0.036
2008-08-18,0.032
2008-08-19,0.01
2008-08-20,0.029
2008-08-21,0.135
2008-08-22,0.167
2008-08-23,0.023
2008-08-24,0.092
2008-08-25,0.144
2008-08-26,0.195
2008-08-27,0.457
2008-08-28,0.339
2008-08-29,0.16
2008-08-30,0.121
2008-08-31,0.217
2008-09-01,0.222
2008-09-02,0.076
2008-09-03,0.012
2008-09-04,0.054
2008-09-05,0.075
2008-09-06,0.099
2008-09-07,0.271
2008-09-08,0.055
2008-09-09,0.013
2008-09-10,0.035
2008-09-11,0.007
2008-09-12,0.026
2008-09-13,0.016
2008-09-14,0.018
2008-09-15,0.157
2008-09-16,0.274
2008-09-17,0.27
2008-09-18,0.157
2008-09-19,0.067
2008-09-20,0.211
2008-09-21,0.164
2008-09-22,0.284
2008-09-23,0.211
2008-09-24,0.212
2008-09-25,0.131
2008-09-26,0.053
2008-09-27,0.004
2008-09-28,0.003
2008-09-29,0.108
2008-09-30,0.328
2008-10-01,0.092
2008-10-02,0.089
2008-10-03,0.128
2008-10-04,0.186
2008-10-05,0.073
2008-10-06,0.051
2008-10-07,0.012
2008-10-08,0.034
2008-10-09,0.199
2008-10-10,0.261
2008-10-11,0.059
2008-10-12,0.031
2008-10-13,0.016
2008-10-14,0.582
2008-10-15,0.966
2008-10-16,0.288
2008-10-17,0.21
2008-10-18,0.169
2008-10-19,0.284
2008-10-20,0.052
2008-10-21,0.429
2008-10-22,0.074
2008-10-23,0.022
2008-10-24,0.022
2008-10-25,0.023
2008-10-26,0.007
2008-10-27,0.015
2008-10-28,0.016
2008-10-29,0.162
2008-10-30,0.594
2008-10-31,0.26
2008-11-01,0.118
2008-11-02,0.097
2008-11-03,0.053
2008-11-04,0.125
2008-11-05,0.081
2008-11-06,0.013
2008-11-07,0.162
2008-11-08,0.095
2008-11-09,0.144
2008-11-10,0.382
2008-11-11,0.158
2008-11-12,1.027
2008-11-13,1.013
2008-11-14,0.099
2008-11-15,0.0
2008-11-16,0.084
2008-11-17,0.249
2008-11-18,1.476
2008-11-19,0.666
2008-11-20,0.048
2008-11-21,0.006
2008-11-22,0.037
2008-11-23,0.154
2008-11-24,0.036
2008-11-25,0.078
2008-11-26,0.171
2008-11-27,0.074
2008-11-28,0.062
2008-11-29,0.077
2008-11-30,0.041
2008-12-01,0.014
2008-12-02,0.019
2008-12-03,0.009
2008-12-04,0.067
2008-12-05,0.056
2008-12-06,0.023
2008-12-07,0.041
2008-12-08,0.029
2008-12-09,0.014
2008-12-10,0.021
2008-12-11,0.28
2008-12-12,0.144
2008-12-13,0.074
2008-12-14,0.651
2008-12-15,0.686
2008-12-16,0.145
2008-12-17,0.244
2008-12-18,0.074
2008-12-19,0.113
2008-12-20,0.36
2008-12-21,0.077
2008-12-22,0.035
2008-12-23,0.298
2008-12-24,0.565
2008-12-25,4.269
2008-12-26,7.192
2008-12-27,2.707
2008-12-28,2.258
2008-12-29,0.712
2008-12-30,2.571
2008-12-31,1.084
2009-01-01,2.005
2009-01-02,1.801
2009-01-03,0.537
2009-01-04,0.31
2009-01-05,0.044
2009-01-06,0.107
2009-01-07,0.391
2009-01-08,0.275
2009-01-09,0.069
2009-01-10,0.29
2009-01-11,0.042
2009-01-12,0.003
2009-01-13,0.0
2009-01-14,0.002
2009-01-15,0.004
2009-01-16,0.035
2009-01-17,0.037
2009-01-18,0.008
2009-01-19,0.003
2009-01-20,0.008
2009-01-21,0.047
2009-01-22,0.193
2009-01-23,0.299
2009-01-24,0.164
2009-01-25,0.091
2009-01-26,0.01
2009-01-27,0.001
2009-01-28,0.0
2009-01-29,0.002
2009-01-30,0.032
2009-01-31,0.17
2009-02-01,0.563
2009-02-02,1.008
2009-02-03,1.438
2009-02-04,0.908
2009-02-05,0.278
2009-02-06,0.106
2009-02-07,0.39
2009-02-08,0.403
2009-02-09,0.489
2009-02-10,0.685
2009-02-11,0.465
2009-02-12,0.627
2009-02-13,0.339
2009-02-14,0.271
2009-02-15,0.105
2009-02-16,0.033
2009-02-17,0.071
2009-02-18,0.173
2009-02-19,0.518
2009-02-20,0.151
2009-02-21,0.063
2009-02-22,0.036
2009-02-23,0.071
2009-02-24,0.207
2009-02-25,0.593
2009-02-26,0.144
2009-02-27,0.074
2009-02-28,0.151
2009-03-01,0.123
2009-03-02,0.203
2009-03-03,0.204
2009-03-04,0.538
2009-03-05,0.651
2009-03-06,2.441
2009-03-07,5.847
2009-03-08,5.751
2009-03-09,1.072
2009-03-10,0.553
2009-03-11,0.107
2009-03-12,0.05
2009-03-13,0.011
2009-03-14,0.002
2009-03-15,0.01
2009-03-16,0.012
2009-03-17,0.15
2009-03-18,0.385
2009-03-19,0.666
2009-03-20,0.69
2009-03-21,0.741
2009-03-22,0.269
2009-03-23,0.86
2009-03-24,0.327
2009-03-25,0.654
2009-03-26,0.529
2009-03-27,0.284
2009-03-28,0.471
2009-03-29,0.507
2009-03-30,0.561
2009-03-31,0.525
2009-04-01,0.656
2009-04-02,1.385
2009-04-03,0.818
2009-04-04,0.198
2009-04-05,0.09
2009-04-06,0.348
2009-04-07,0.442
2009-04-08,0.193
2009-04-09,0.32
2009-04-10,0.246
2009-04-11,0.183
2009-04-12,0.556
2009-04-13,0.563
2009-04-14,0.5
2009-04-15,0.336
2009-04-16,0.303
2009-04-17,0.109
2009-04-18,0.026
2009-04-19,0.014
2009-04-20,0.047
2009-04-21,0.824
2009-04-22,1.201
2009-04-23,1.124
2009-04-24,0.376
2009-04-25,0.176
2009-04-26,0.013
2009-04-27,0.024
2009-04-28,0.566
2009-04-29,0.119
2009-04-30,0.017
2009-05-01,0.005
2009-05-02,0.007
2009-05-03,0.008
2009-05-04,0.001
2009-05-05,0.004
2009-05-06,0.009
2009-05-07,0.022
2009-05-08,0.056
2009-05-09,0.175
2009-05-10,0.074
2009-05-11,0.016
2009-05-12,0.004
2009-05-13,0.014
2009-05-14,0.047
2009-05-15,0.025
2009-05-16,0.032
2009-05-17,0.015
2009-05-18,0.197
2009-05-19,0.15
2009-05-20,0.225
2009-05-21,0.038
2009-05-22,0.044
2009-05-23,0.045
2009-05-24,0.021
2009-05-25,0.516
2009-05-26,0.299
2009-05-27,0.01
2009-05-28,0.001
2009-05-29,0.0
2009-05-30,0.01
2009-05-31,0.096
2009-06-01,0.032
2009-06-02,0.01
2009-06-03,0.242
2009-06-04,0.214
2009-06-05,0.077
2009-06-06,0.129
2009-06-07,0.141
2009-06-08,0.031
2009-06-09,0.064
2009-06-10,0.158
2009-06-11,0.213
2009-06-12,0.083
2009-06-13,0.116
2009-06-14,0.077
2009-06-15,0.201
2009-06-16,0.18
2009-06-17,0.333
2009-06-18,0.658
2009-06-19,0.236
2009-06-20,0.108
2009-06-21,0.257
2009-06-22,1.143
2009-06-23,0.761
2009-06-24,0.625
2009-06-25,0.475
2009-06-26,0.253
2009-06-27,0.111
2009-06-28,0.019
2009-06-29,0.008
2009-06-30,0.004
2009-07-01,0.131
2009-07-02,0.303
2009-07-03,0.163
2009-07-04,0.1
2009-07-05,0.105
2009-07-06,0.148
2009-07-07,0.205
2009-07-08,0.283
2009-07-09,0.475
2009-07-10,0.547
2009-07-11,0.479
2009-07-12,0.731
2009-07-13,0.698
2009-07-14,0.233
2009-07-15,0.172
2009-07-16,0.227
2009-07-17,0.569
2009-07-18,0.826
2009-07-19,0.085
2009-07-20,0.053
2009-07-21,0.049
2009-07-22,0.528
2009-07-23,0.215
2009-07-24,0.006
2009-07-25,0.007
2009-07-26,0.037
2009-07-27,0.108
2009-07-28,0.392
2009-07-29,0.14
2009-07-30,0.182
2009-07-31,0.162
2009-08-01,0.266
2009-08-02,0.141
2009-08-03,0.087
2009-08-04,0.272
2009-08-05,0.091
2009-08-06,0.164
2009-08-07,0.188
2009-08-08,0.236
2009-08-09,0.24
2009-08-10,0.403
2009-08-11,0.081
2009-08-12,0.087
2009-08-13,0.21
2009-08-14,0.185
2009-08-15,0.091
2009-08-16,0.041
2009-08-17,0.025
2009-08-18,0.048
2009-08-19,0.354
2009-08-20,0.265
2009-08-21,0.071
2009-08-22,0.237
2009-08-23,0.22
2009-08-24,0.175
2009-08-25,0.066
2009-08-26,0.038
2009-08-27,0.084
2009-08-28,0.19
2009-08-29,0.249
2009-08-30,0.14
2009-08-31,0.348
2009-09-01,0.415
2009-09-02,0.134
2009-09-03,0.566
2009-09-04,0.337
2009-09-05,0.375
2009-09-06,0.249
2009-09-07,0.261
2009-09-08,0.446
2009-09-09,0.357
2009-09-10,0.26
2009-09-11,0.104
2009-09-12,0.159
2009-09-13,0.092
2009-09-14,0.015
2009-09-15,0.005
2009-09-16,0.127
2009-09-17,0.266
2009-09-18,0.187
2009-09-19,0.562
2009-09-20,0.441
2009-09-21,0.089
2009-09-22,0.144
2009-09-23,0.101
2009-09-24,0.278
2009-09-25,0.325
2009-09-26,0.341
2009-09-27,0.18
2009-09-28,0.211
2009-09-29,0.154
2009-09-30,0.256
2009-10-01,0.709
2009-10-02,1.116
2009-10-03,1.473
2009-10-04,0.589
2009-10-05,0.138
2009-10-06,0.082
2009-10-07,0.067
2009-10-08,0.061
2009-10-09,0.022
2009-10-10,0.058
2009-10-11,0.658
2009-10-12,0.98
2009-10-13,0.119
2009-10-14,0.021
2009-10-15,0.038
2009-10-16,0.147
2009-10-17,0.207
2009-10-18,0.108
2009-10-19,0.55
2009-10-20,0.5
2009-10-21,0.142
2009-10-22,0.065
2009-10-23,0.09
2009-10-24,0.244
2009-10-25,0.149
2009-10-26,0.329
2009-10-27,0.148
2009-10-28,0.064
2009-10-29,0.103
2009-10-30,0.077
2009-10-31,0.143
2009-11-01,0.027
2009-11-02,0.076
2009-11-03,0.312
2009-11-04,0.132
2009-11-05,0.365
2009-11-06,0.125
2009-11-07,0.052
2009-11-08,0.07
2009-11-09,0.236
2009-11-10,0.202
2009-11-11,0.469
2009-11-12,2.569
2009-11-13,3.094
2009-11-14,2.419
2009-11-15,1.046
2009-11-16,1.758
2009-11-17,0.964
2009-11-18,0.576
2009-11-19,0.402
2009-11-20,0.179
2009-11-21,0.088
2009-11-22,0.31
2009-11-23,0.087
2009-11-24,0.016
2009-11-25,0.179
2009-11-26,0.958
2009-11-27,1.336
2009-11-28,0.325
2009-11-29,0.231
2009-11-30,0.37
2009-12-01,0.132
2009-12-02,0.025
2009-12-03,0.011
2009-12-04,0.29
2009-12-05,0.171
2009-12-06,0.069
2009-12-07,0.055
2009-12-08,0.016
2009-12-09,0.005
2009-12-10,0.005
2009-12-11,0.039
2009-12-12,0.099
2009-12-13,0.061
2009-12-14,0.007
2009-12-15,0.003
2009-12-16,0.003
2009-12-17,0.037
2009-12-18,0.485
2009-12-19,5.64
2009-12-20,1.355
2009-12-21,0.187
2009-12-22,0.006
2009-12-23,0.008
2009-12-24,0.002
2009-12-25,0.003
2009-12-26,0.006
2009-12-27,0.019
2009-12-28,0.046
2009-12-29,0.03
2009-12-30,0.004
2009-12-31,0.002
2010-01-01,0.007
2010-01-02,0.009
2010-01-03,0.011
2010-01-04,0.003
2010-01-05,0.0
2010-01-06,0.0
2010-01-07,0.0
2010-01-08,0.0
2010-01-09,0.0
2010-01-10,0.0
2010-01-11,0.095
2010-01-12,0.319
2010-01-13,0.072
2010-01-14,0.002
2010-01-15,0.003
2010-01-16,0.008
2010-01-17,0.119
2010-01-18,0.038
2010-01-19,0.06
2010-01-20,0.287
2010-01-21,0.126
2010-01-22,0.012
2010-01-23,0.005
2010-01-24,0.008
2010-01-25,0.011
2010-01-26,0.009
2010-01-27,0.004
2010-01-28,0.002
2010-01-29,0.009
2010-01-30,0.029
2010-01-31,0.222
2010-02-01,0.034
2010-02-02,0.03
2010-02-03,0.017
2010-02-04,0.005
2010-02-05,0.008
2010-02-06,0.037
2010-02-07,0.026
2010-02-08,0.005
2010-02-09,0.007
2010-02-10,0.075
2010-02-11,0.22
2010-02-12,0.169
2010-02-13,0.115
2010-02-14,0.122
2010-02-15,0.118
2010-02-16,0.04
2010-02-17,0.032
2010-02-18,0.047
2010-02-19,0.043
2010-02-20,0.13
2010-02-21,0.048
2010-02-22,0.005
2010-02-23,0.003
2010-02-24,0.009
2010-02-25,0.023
2010-02-26,0.035
2010-02-27,0.035
2010-02-28,1.055
2010-03-01,0.372
2010-03-02,0.099
2010-03-03,0.069
2010-03-04,0.412
2010-03-05,0.47
2010-03-06,0.918
2010-03-07,0.551
2010-03-08,0.454
2010-03-09,0.711
2010-03-10,0.827
2010-03-11,0.246
2010-03-12,0.115
2010-03-13,0.068
2010-03-14,0.235
2010-03-15,0.323
2010-03-16,0.086
2010-03-17,0.096
2010-03-18,0.309
2010-03-19,0.13
2010-03-20,0.221
2010-03-21,1.528
2010-03-22,0.604
2010-03-23,0.127
2010-03-24,0.226
2010-03-25,0.217
2010-03-26,0.113
2010-03-27,0.141
2010-03-28,0.079
2010-03-29,0.112
2010-03-30,0.117
2010-03-31,0.116
2010-04-01,0.374
2010-04-02,0.219
2010-04-03,0.812
2010-04-04,0.99
2010-04-05,0.473
2010-04-06,0.567
2010-04-07,0.49
2010-04-08,0.54
2010-04-09,0.365
2010-04-10,0.599
2010-04-11,0.256
2010-04-12,0.114
2010-04-13,0.319
2010-04-14,0.245
2010-04-15,0.034
2010-04-16,0.091
2010-04-17,0.062
2010-04-18,0.05
2010-04-19,0.035
2010-04-20,0.128
2010-04-21,0.611
2010-04-22,0.436
2010-04-23,0.412
2010-04-24,0.069
2010-04-25,0.025
2010-04-26,0.014
2010-04-27,0.032
2010-04-28,0.07
2010-04-29,0.067
2010-04-30,0.012
2010-05-01,0.157
2010-05-02,0.042
2010-05-03,0.039
2010-05-04,0.141
2010-05-05,0.075
2010-05-06,0.09
2010-05-07,0.123
2010-05-08,0.211
2010-05-09,0.178
2010-05-10,0.035
2010-05-11,0.039
2010-05-12,0.11
2010-05-13,0.056
2010-05-14,0.048
2010-05-15,0.173
2010-05-16,0.165
2010-05-17,0.063
2010-05-18,0.13
2010-05-19,0.034
2010-05-20,0.067
2010-05-21,0.148
2010-05-22,0.139
2010-05-23,0.301
2010-05-24,0.329
2010-05-25,0.131
2010-05-26,0.035
2010-05-27,0.028
2010-05-28,0.054
2010-05-29,0.101
2010-05-30,0.239
2010-05-31,0.033
2010-06-01,0.021
2010-06-02,0.008
2010-06-03,0.027
2010-06-04,0.017
2010-06-05,0.072
2010-06-06,0.168
2010-06-07,0.062
2010-06-08,0.045
2010-06-09,0.065
2010-06-10,0.075
2010-06-11,0.135
2010-06-12,0.444
2010-06-13,0.636
2010-06-14,0.093
2010-06-15,0.065
2010-06-16,0.087
2010-06-17,0.154
2010-06-18,0.178
2010-06-19,0.259
2010-06-20,0.344
2010-06-21,0.11
2010-06-22,0.341
2010-06-23,0.251
2010-06-24,0.158
2010-06-25,0.114
2010-06-26,0.098
2010-06-27,0.415
2010-06-28,0.061
2010-06-29,0.067
2010-06-30,0.148
2010-07-01,0.166
2010-07-02,0.201
2010-07-03,0.5
2010-07-04,0.266
2010-07-05,0.037
2010-07-06,0.012
2010-07-07,0.087
2010-07-08,0.154
2010-07-09,0.191
2010-07-10,0.177
2010-07-11,0.181
2010-07-12,0.016
2010-07-13,0.009
2010-07-14,0.027
2010-07-15,0.03
2010-07-16,0.046
2010-07-17,0.177
2010-07-18,0.205
2010-07-19,0.187
2010-07-20,0.297
2010-07-21,0.153
2010-07-22,0.171
2010-07-23,0.048
2010-07-24,0.023
2010-07-25,0.048
2010-07-26,0.105
2010-07-27,0.032
2010-07-28,0.046
2010-07-29,0.159
2010-07-30,0.085
2010-07-31,0.372
2010-08-01,0.641
2010-08-02,0.29
2010-08-03,0.163
2010-08-04,0.158
2010-08-05,0.1
2010-08-06,0.068
2010-08-07,0.113
2010-08-08,0.284
2010-08-09,0.058
2010-08-10,0.142
2010-08-11,0.154
2010-08-12,0.032
2010-08-13,0.039
2010-08-14,0.077
2010-08-15,0.059
2010-08-16,0.061
2010-08-17,0.086
2010-08-18,0.125
2010-08-19,0.059
2010-08-20,0.065
2010-08-21,0.193
2010-08-22,0.079
2010-08-23,0.016
2010-08-24,0.041
2010-08-25,0.087
2010-08-26,0.148
2010-08-27,0.181
2010-08-28,0.265
2010-08-29,0.236
2010-08-30,0.086
2010-08-31,0.051
2010-09-01,0.036
2010-09-02,0.1
2010-09-03,0.105
2010-09-04,0.24
2010-09-05,0.173
2010-09-06,0.182
2010-09-07,0.075
2010-09-08,0.044
2010-09-09,0.028
2010-09-10,0.044
2010-09-11,0.075
2010-09-12,0.308
2010-09-13,0.344
2010-09-14,0.329
2010-09-15,0.179
2010-09-16,0.057
2010-09-17,0.024
2010-09-18,0.004
2010-09-19,0.165
2010-09-20,0.245
2010-09-21,0.133
2010-09-22,0.084
2010-09-23,0.032
2010-09-24,0.025
2010-09-25,0.092
2010-09-26,0.047
2010-09-27,0.012
2010-09-28,0.002
2010-09-29,0.0
2010-09-30,0.009
2010-10-01,0.015
2010-10-02,0.095
2010-10-03,0.449
2010-10-04,0.44
2010-10-05,0.684
2010-10-06,0.077
2010-10-07,0.01
2010-10-08,0.005
2010-10-09,0.023
2010-10-10,0.283
2010-10-11,0.21
2010-10-12,0.056
2010-10-13,0.042
2010-10-14,0.107
2010-10-15,0.217
2010-10-16,0.463
2010-10-17,0.133
2010-10-18,0.077
2010-10-19,1.201
2010-10-20,0.344
2010-10-21,0.106
2010-10-22,0.014
2010-10-23,0.004
2010-10-24,0.08
2010-10-25,0.295
2010-10-26,0.339
2010-10-27,1.112
2010-10-28,0.473
2010-10-29,0.167
2010-10-30,0.561
2010-10-31,0.165
2010-11-01,0.165
2010-11-02,0.027
2010-11-03,0.058
2010-11-04,0.287
2010-11-05,1.119
2010-11-06,1.112
2010-11-07,0.369
2010-11-08,0.034
2010-11-09,0.025
2010-11-10,0.061
2010-11-11,0.348
2010-11-12,0.193
2010-11-13,0.117
2010-11-14,0.999
2010-11-15,0.799
2010-11-16,0.085
2010-11-17,0.006
2010-11-18,0.018
2010-11-19,0.572
2010-11-20,0.218
2010-11-21,0.073
2010-11-22,0.038
2010-11-23,0.124
2010-11-24,0.298
2010-11-25,0.6
2010-11-26,0.514
2010-11-27,0.125
2010-11-28,0.077
2010-11-29,0.224
2010-11-30,0.716
2010-12-01,0.951
2010-12-02,1.308
2010-12-03,1.014
2010-12-04,0.165
2010-12-05,0.063
2010-12-06,0.015
2010-12-07,0.011
2010-12-08,0.023
2010-12-09,0.035
2010-12-10,0.314
2010-12-11,0.341
2010-12-12,0.1
2010-12-13,0.031
2010-12-14,0.015
2010-12-15,0.005
2010-12-16,0.001
2010-12-17,0.002
2010-12-18,0.003
2010-12-19,0.017
2010-12-20,0.077
2010-12-21,0.597
2010-12-22,0.316
2010-12-23,0.063
2010-12-24,0.066
2010-12-25,0.023
2010-12-26,0.003
2010-12-27,0.069
2010-12-28,0.079
2010-12-29,0.291
2010-12-30,0.215
2010-12-31,0.18
2011-01-01,0.104
2011-01-02,0.275
2011-01-03,0.134
2011-01-04,0.165
2011-01-05,0.057
2011-01-06,0.041
2011-01-07,0.041
2011-01-08,0.009
2011-01-09,0.001
2011-01-10,0.029
2011-01-11,0.566
2011-01-12,0.142
2011-01-13,0.139
2011-01-14,0.027
2011-01-15,0.007
2011-01-16,0.065
2011-01-17,0.028
2011-01-18,0.121
2011-01-19,0.049
2011-01-20,0.052
2011-01-21,0.224
2011-01-22,0.11
2011-01-23,0.056
2011-01-24,0.048
2011-01-25,0.067
2011-01-26,0.031
2011-01-27,0.052
2011-01-28,0.176
2011-01-29,0.069
2011-01-30,0.258
2011-01-31,0.373
2011-02-01,0.162
2011-02-02,0.053
2011-02-03,0.017
2011-02-04,0.009
2011-02-05,0.028
2011-02-06,0.044
2011-02-07,0.217
2011-02-08,0.126
2011-02-09,0.053
2011-02-10,0.012
2011-02-11,0.006
2011-02-12,0.002
2011-02-13,0.0
2011-02-14,0.006
2011-02-15,0.065
2011-02-16,0.276
2011-02-17,0.13
2011-02-18,0.006
2011-02-19,0.007
2011-02-20,0.025
2011-02-21,0.1
2011-02-22,0.153
2011-02-23,0.337
2011-02-24,0.216
2011-02-25,0.122
2011-02-26,0.226
2011-02-27,0.288
2011-02-28,0.217
2011-03-01,0.247
2011-03-02,0.034
2011-03-03,0.007
2011-03-04,0.03
2011-03-05,0.453
2011-03-06,0.581
2011-03-07,1.738
2011-03-08,0.32
2011-03-09,0.081
2011-03-10,0.104
2011-03-11,0.061
2011-03-12,0.02
2011-03-13,0.002
2011-03-14,0.005
2011-03-15,0.069
2011-03-16,0.27
2011-03-17,0.146
2011-03-18,0.159
2011-03-19,1.049
2011-03-20,0.457
2011-03-21,0.213
2011-03-22,0.368
2011-03-23,0.375
2011-03-24,0.278
2011-03-25,0.413
2011-03-26,1.059
2011-03-27,0.763
2011-03-28,0.744
2011-03-29,0.776
2011-03-30,0.333
2011-03-31,0.26
2011-04-01,0.336
2011-04-02,0.157
2011-04-03,0.134
2011-04-04,0.1
2011-04-05,0.08
2011-04-06,0.281
2011-04-07,0.897
2011-04-08,1.132
2011-04-09,0.294
2011-04-10,0.172
2011-04-11,0.082
2011-04-12,0.051
2011-04-13,0.039
2011-04-14,0.063
2011-04-15,0.048
2011-04-16,0.036
2011-04-17,0.057
2011-04-18,0.014
2011-04-19,0.02
2011-04-20,0.016
2011-04-21,0.035
2011-04-22,0.068
2011-04-23,0.155
2011-04-24,0.064
2011-04-25,0.021
2011-04-26,0.046
2011-04-27,0.087
2011-04-28,0.142
2011-04-29,0.034
2011-04-30,0.039
2011-05-01,0.098
2011-05-02,0.323
2011-05-03,0.595
2011-05-04,0.897
2011-05-05,0.709
2011-05-06,1.044
2011-05-07,0.607
2011-05-08,0.338
2011-05-09,0.22
2011-05-10,0.147
2011-05-11,0.082
2011-05-12,0.308
2011-05-13,0.191
2011-05-14,0.019
2011-05-15,0.019
2011-05-16,0.052
2011-05-17,0.051
2011-05-18,0.039
2011-05-19,0.076
2011-05-20,0.048
2011-05-21,0.262
2011-05-22,0.403
2011-05-23,0.456
2011-05-24,0.403
2011-05-25,0.473
2011-05-26,0.515
2011-05-27,0.129
2011-05-28,0.115
2011-05-29,0.102
2011-05-30,0.055
2011-05-31,0.106
2011-06-01,0.272
2011-06-02,0.162
2011-06-03,0.166
2011-06-04,0.211
2011-06-05,0.055
2011-06-06,0.066
2011-06-07,0.176
2011-06-08,0.206
2011-06-09,0.244
2011-06-10,0.31
2011-06-11,0.172
2011-06-12,0.096
2011-06-13,0.277
2011-06-14,0.139
2011-06-15,0.411
2011-06-16,0.482
2011-06-17,0.64
2011-06-18,0.379
2011-06-19,0.317
2011-06-20,0.122
2011-06-21,0.043
2011-06-22,0.019
2011-06-23,0.195
2011-06-24,0.052
2011-06-25,0.114
2011-06-26,0.485
2011-06-27,0.854
2011-06-28,0.291
2011-06-29,0.132
2011-06-30,0.059
2011-07-01,0.074
2011-07-02,0.206
2011-07-03,0.026
2011-07-04,0.121
2011-07-05,0.269
2011-07-06,0.223
2011-07-07,0.521
2011-07-08,0.224
2011-07-09,0.126
2011-07-10,0.665
2011-07-11,0.171
2011-07-12,0.047
2011-07-13,0.114
2011-07-14,0.039
2011-07-15,0.078
2011-07-16,0.154
2011-07-17,0.173
2011-07-18,0.118
2011-07-19,0.106
2011-07-20,0.311
2011-07-21,0.125
2011-07-22,0.043
2011-07-23,0.147
2011-07-24,0.055
2011-07-25,0.011
2011-07-26,0.024
2011-07-27,0.033
2011-07-28,0.077
2011-07-29,0.189
2011-07-30,0.327
2011-07-31,0.297
2011-08-01,0.167
2011-08-02,0.091
2011-08-03,0.119
2011-08-04,0.321
2011-08-05,0.307
2011-08-06,0.341
2011-08-07,0.638
2011-08-08,0.135
2011-08-09,0.085
2011-08-10,0.273
2011-08-11,0.447
2011-08-12,0.18
2011-08-13,0.331
2011-08-14,0.254
2011-08-15,0.286
2011-08-16,0.589
2011-08-17,0.437
2011-08-18,0.13
2011-08-19,0.044
2011-08-20,0.447
2011-08-21,0.67
2011-08-22,0.115
2011-08-23,0.061
2011-08-24,0.061
2011-08-25,0.097
2011-08-26,0.033
2011-08-27,0.137
2011-08-28,0.308
2011-08-29,0.193
2011-08-30,0.069
2011-08-31,0.16
2011-09-01,0.13
2011-09-02,0.134
2011-09-03,0.495
2011-09-04,0.036
2011-09-05,0.088
2011-09-06,0.027
2011-09-07,0.01
2011-09-08,0.036
2011-09-09,0.06
2011-09-10,0.058
2011-09-11,0.105
2011-09-12,0.155
2011-09-13,0.043
2011-09-14,0.107
2011-09-15,1.118
2011-09-16,0.355
2011-09-17,0.085
2011-09-18,0.087
2011-09-19,0.08
2011-09-20,0.127
2011-09-21,0.353
2011-09-22,0.167
2011-09-23,0.045
2011-09-24,0.02
2011-09-25,0.002
2011-09-26,0.03
2011-09-27,0.602
2011-09-28,0.277
2011-09-29,0.156
2011-09-30,0.107
2011-10-01,0.018
2011-10-02,0.015
2011-10-03,0.061
2011-10-04,0.073
2011-10-05,0.054
2011-10-06,0.044
2011-10-07,0.026
2011-10-08,0.122
2011-10-09,0.308
2011-10-10,0.172
2011-10-11,0.071
2011-10-12,0.037
2011-10-13,0.052
2011-10-14,0.331
2011-10-15,1.021
2011-10-16,0.25
2011-10-17,0.042
2011-10-18,0.008
2011-10-19,0.03
2011-10-20,0.041
2011-10-21,0.034
2011-10-22,0.228
2011-10-23,0.057
2011-10-24,0.306
2011-10-25,0.39
2011-10-26,0.118
2011-10-27,0.028
2011-10-28,0.055
2011-10-29,0.546
2011-10-30,0.113
2011-10-31,0.132
2011-11-01,1.239
2011-11-02,1.703
2011-11-03,1.38
2011-11-04,0.633
2011-11-05,0.198
2011-11-06,0.203
2011-11-07,0.443
2011-11-08,1.4
2011-11-09,1.248
2011-11-10,1.065
2011-11-11,1.079
2011-11-12,1.21
2011-11-13,0.215
2011-11-14,0.128
2011-11-15,0.11
2011-11-16,0.616
2011-11-17,0.339
2011-11-18,0.218
2011-11-19,0.855
2011-11-20,0.846
2011-11-21,0.225
2011-11-22,0.313
2011-11-23,0.216
2011-11-24,0.227
2011-11-25,0.169
2011-11-26,0.273
2011-11-27,0.07
2011-11-28,0.057
2011-11-29,0.072
2011-11-30,0.012
2011-12-01,0.008
2011-12-02,0.28
2011-12-03,0.248
2011-12-04,0.221
2011-12-05,0.291
2011-12-06,0.256
2011-12-07,0.562
2011-12-08,0.487
2011-12-09,0.358
2011-12-10,2.79
2011-12-11,2.776
2011-12-12,0.309
2011-12-13,0.588
2011-12-14,1.044
2011-12-15,0.76
2011-12-16,0.294
2011-12-17,0.422
2011-12-18,1.308
2011-12-19,2.24
2011-12-20,1.705
2011-12-21,1.399
2011-12-22,0.93
2011-12-23,0.958
2011-12-24,0.655
2011-12-25,0.359
2011-12-26,0.304
2011-12-27,0.241
2011-12-28,0.351
2011-12-29,0.05
2011-12-30,0.029
2011-12-31,0.087
2012-01-01,0.102
2012-01-02,0.068
2012-01-03,0.238
2012-01-04,0.037
2012-01-05,0.003
2012-01-06,0.003
2012-01-07,0.026
2012-01-08,0.019
2012-01-09,0.048
2012-01-10,0.271
2012-01-11,0.453
2012-01-12,0.086
2012-01-13,0.01
2012-01-14,0.008
2012-01-15,0.032
2012-01-16,0.01
2012-01-17,0.001
2012-01-18,0.0
2012-01-19,0.0
2012-01-20,0.001
2012-01-21,0.012
2012-01-22,0.007
2012-01-23,0.057
2012-01-24,0.104
2012-01-25,0.052
2012-01-26,0.032
2012-01-27,0.006
2012-01-28,0.076
2012-01-29,0.07
2012-01-30,0.226
2012-01-31,0.118
2012-02-01,0.062
2012-02-02,0.125
2012-02-03,0.124
2012-02-04,0.025
2012-02-05,0.002
2012-02-06,0.001
2012-02-07,0.001
2012-02-08,0.001
2012-02-09,0.006
2012-02-10,0.12
2012-02-11,0.434
2012-02-12,0.344
2012-02-13,0.079
2012-02-14,0.045
2012-02-15,0.057
2012-02-16,0.13
2012-02-17,0.473
2012-02-18,1.468
2012-02-19,1.634
2012-02-20,0.499
2012-02-21,2.343
2012-02-22,1.497
2012-02-23,0.611
2012-02-24,0.294
2012-02-25,0.834
2012-02-26,0.781
2012-02-27,0.574
2012-02-28,1.544
2012-02-29,1.142
2012-03-01,0.274
2012-03-02,1.063
2012-03-03,1.788
2012-03-04,0.173
2012-03-05,0.197
2012-03-06,0.051
2012-03-07,0.053
2012-03-08,0.268
2012-03-09,0.144
2012-03-10,0.387
2012-03-11,0.284
2012-03-12,0.315
2012-03-13,0.118
2012-03-14,0.044
2012-03-15,0.138
2012-03-16,0.1
2012-03-17,0.131
2012-03-18,0.387
2012-03-19,0.245
2012-03-20,0.059
2012-03-21,0.524
2012-03-22,0.768
2012-03-23,0.766
2012-03-24,2.591
2012-03-25,0.738
2012-03-26,0.658
2012-03-27,0.31
2012-03-28,0.051
2012-03-29,0.01
2012-03-30,0.053
2012-03-31,0.404
2012-04-01,0.289
2012-04-02,0.045
2012-04-03,0.158
2012-04-04,0.353
2012-04-05,0.129
2012-04-06,0.281
2012-04-07,0.369
2012-04-08,0.511
2012-04-09,0.213
2012-04-10,0.499
2012-04-11,0.136
2012-04-12,0.059
2012-04-13,0.056
2012-04-14,0.119
2012-04-15,0.094
2012-04-16,0.024
2012-04-17,0.111
2012-04-18,0.181
2012-04-19,0.192
2012-04-20,0.272
2012-04-21,0.315
2012-04-22,0.239
2012-04-23,0.491
2012-04-24,0.178
2012-04-25,0.191
2012-04-26,0.155
2012-04-27,0.176
2012-04-28,0.241
2012-04-29,0.646
2012-04-30,0.406
2012-05-01,0.271
2012-05-02,0.186
2012-05-03,0.35
2012-05-04,0.369
2012-05-05,0.204
2012-05-06,0.283
2012-05-07,0.348
2012-05-08,0.541
2012-05-09,0.415
2012-05-10,0.283
2012-05-11,0.231
2012-05-12,0.062
2012-05-13,0.007
2012-05-14,0.002
2012-05-15,0.011
2012-05-16,0.046
2012-05-17,0.198
2012-05-18,0.147
2012-05-19,0.157
2012-05-20,0.088
2012-05-21,0.007
2012-05-22,0.187
2012-05-23,0.601
2012-05-24,0.211
2012-05-25,0.106
2012-05-26,0.354
2012-05-27,0.41
2012-05-28,0.093
2012-05-29,0.088
2012-05-30,0.164
2012-05-31,0.492
2012-06-01,0.422
2012-06-02,0.42
2012-06-03,0.225
2012-06-04,0.063
2012-06-05,0.114
2012-06-06,0.088
2012-06-07,0.338
2012-06-08,0.171
2012-06-09,0.118
2012-06-10,0.101
2012-06-11,0.042
2012-06-12,0.056
2012-06-13,0.043
2012-06-14,0.01
2012-06-15,0.027
2012-06-16,0.108
2012-06-17,0.056
2012-06-18,0.119
2012-06-19,0.525
2012-06-20,0.905
2012-06-21,0.601
2012-06-22,0.354
2012-06-23,0.437
2012-06-24,0.223
2012-06-25,0.237
2012-06-26,0.331
2012-06-27,0.655
2012-06-28,1.305
2012-06-29,0.35
2012-06-30,0.125
2012-07-01,0.086
2012-07-02,0.548
2012-07-03,0.486
2012-07-04,0.409
2012-07-05,0.369
2012-07-06,0.127
2012-07-07,0.35
2012-07-08,0.271
2012-07-09,0.208
2012-07-10,0.231
2012-07-11,0.045
2012-07-12,0.288
2012-07-13,0.307
2012-07-14,0.089
2012-07-15,0.193
2012-07-16,0.229
2012-07-17,0.509
2012-07-18,0.409
2012-07-19,0.037
2012-07-20,0.033
2012-07-21,0.065
2012-07-22,0.094
2012-07-23,0.181
2012-07-24,0.517
2012-07-25,0.354
2012-07-26,0.185
2012-07-27,0.3
2012-07-28,0.182
2012-07-29,0.412
2012-07-30,0.845
2012-07-31,0.347
2012-08-01,0.069
2012-08-02,0.041
2012-08-03,0.053
2012-08-04,0.15
2012-08-05,0.267
2012-08-06,0.234
2012-08-07,0.07
2012-08-08,0.123
2012-08-09,0.2
2012-08-10,0.112
2012-08-11,0.238
2012-08-12,0.143
2012-08-13,0.294
2012-08-14,0.26
2012-08-15,0.222
2012-08-16,0.181
2012-08-17,0.039
2012-08-18,0.132
2012-08-19,0.671
2012-08-20,0.911
2012-08-21,0.322
2012-08-22,0.201
2012-08-23,0.074
2012-08-24,0.026
2012-08-25,0.06
2012-08-26,0.224
2012-08-27,0.163
2012-08-28,0.462
2012-08-29,0.473
2012-08-30,0.236
2012-08-31,0.196
2012-09-01,0.263
2012-09-02,0.298
2012-09-03,0.186
2012-09-04,0.112
2012-09-05,0.218
2012-09-06,0.078
2012-09-07,0.028
2012-09-08,0.281
2012-09-09,0.536
2012-09-10,0.24
2012-09-11,0.142
2012-09-12,0.094
2012-09-13,0.142
2012-09-14,0.075
2012-09-15,0.125
2012-09-16,0.119
2012-09-17,0.146
2012-09-18,0.095
2012-09-19,0.089
2012-09-20,0.052
2012-09-21,0.069
2012-09-22,0.128
2012-09-23,0.318
2012-09-24,0.308
2012-09-25,0.282
2012-09-26,0.309
2012-09-27,0.424
2012-09-28,0.076
2012-09-29,0.123
2012-09-30,0.135
2012-10-01,0.333
2012-10-02,0.305
2012-10-03,0.267
2012-10-04,0.137
2012-10-05,0.011
2012-10-06,0.004
2012-10-07,0.003
2012-10-08,0.007
2012-10-09,0.041
2012-10-10,0.056
2012-10-11,0.081
2012-10-12,0.015
2012-10-13,0.031
2012-10-14,0.217
2012-10-15,0.201
2012-10-16,0.172
2012-10-17,0.298
2012-10-18,0.117
2012-10-19,0.091
2012-10-20,0.187
2012-10-21,0.055
2012-10-22,0.058
2012-10-23,0.1
2012-10-24,0.058
2012-10-25,0.021
2012-10-26,0.21
2012-10-27,0.132
2012-10-28,0.019
2012-10-29,0.107
2012-10-30,0.044
2012-10-31,0.017
2012-11-01,0.008
2012-11-02,0.005
2012-11-03,0.029
2012-11-04,0.105
2012-11-05,0.614
2012-11-06,0.247
2012-11-07,0.093
2012-11-08,0.376
2012-11-09,0.33
2012-11-10,0.077
2012-11-11,0.105
2012-11-12,0.092
2012-11-13,0.335
2012-11-14,0.668
2012-11-15,0.439
2012-11-16,0.19
2012-11-17,0.125
2012-11-18,0.097
2012-11-19,0.209
2012-11-20,0.318
2012-11-21,0.069
2012-11-22,0.204
2012-11-23,0.033
2012-11-24,0.031
2012-11-25,0.067
2012-11-26,0.283
2012-11-27,0.466
2012-11-28,0.039
2012-11-29,0.005
2012-11-30,0.003
2012-12-01,0.006
2012-12-02,0.0
2012-12-03,0.001
2012-12-04,0.001
2012-12-05,0.0
2012-12-06,0.004
2012-12-07,0.012
2012-12-08,0.199
2012-12-09,0.253
2012-12-10,0.214
2012-12-11,0.173
2012-12-12,0.346
2012-12-13,0.557
2012-12-14,0.445
2012-12-15,0.441
2012-12-16,0.713
2012-12-17,0.454
2012-12-18,0.261
2012-12-19,1.122
2012-12-20,0.617
2012-12-21,0.353
2012-12-22,0.167
2012-12-23,0.161
2012-12-24,1.807
2012-12-25,0.946
2012-12-26,0.138
2012-12-27,0.378
2012-12-28,0.377
2012-12-29,0.093
2012-12-30,0.397
2012-12-31,0.145
2013-01-01,0.044
2013-01-02,0.019
2013-01-03,0.068
2013-01-04,0.52
2013-01-05,0.99
2013-01-06,1.151
2013-01-07,0.329
2013-01-08,0.851
2013-01-09,1.152
2013-01-10,0.619
2013-01-11,0.11
2013-01-12,0.12
2013-01-13,0.201
2013-01-14,0.07
2013-01-15,0.153
2013-01-16,0.101
2013-01-17,0.035
2013-01-18,0.007
2013-01-19,0.008
2013-01-20,0.005
2013-01-21,0.02
2013-01-22,0.032
2013-01-23,0.124
2013-01-24,0.232
2013-01-25,0.117
2013-01-26,0.015
2013-01-27,0.027
2013-01-28,0.026
2013-01-29,0.171
2013-01-30,0.197
2013-01-31,0.25
2013-02-01,0.307
2013-02-02,0.025
2013-02-03,0.017
2013-02-04,0.25
2013-02-05,0.613
2013-02-06,2.133
2013-02-07,1.646
2013-02-08,0.114
2013-02-09,0.115
2013-02-10,0.114
2013-02-11,0.134
2013-02-12,0.073
2013-02-13,0.062
2013-02-14,0.116
2013-02-15,0.7
2013-02-16,0.445
2013-02-17,0.728
2013-02-18,1.093
2013-02-19,1.203
2013-02-20,1.363
2013-02-21,3.465
2013-02-22,3.884
2013-02-23,2.718
2013-02-24,0.701
2013-02-25,0.737
2013-02-26,0.482
2013-02-27,0.093
2013-02-28,0.015
2013-03-01,0.006
2013-03-02,0.06
2013-03-03,0.062
2013-03-04,0.013
2013-03-05,0.119
2013-03-06,0.236
2013-03-07,0.061
2013-03-08,0.025
2013-03-09,0.018
2013-03-10,0.017
2013-03-11,0.163
2013-03-12,0.144
2013-03-13,0.435
2013-03-14,0.669
2013-03-15,0.145
2013-03-16,0.05
2013-03-17,0.028
2013-03-18,0.061
2013-03-19,0.078
2013-03-20,0.088
2013-03-21,0.048
2013-03-22,0.004
2013-03-23,0.013
2013-03-24,0.141
2013-03-25,0.165
2013-03-26,0.044
2013-03-27,0.206
2013-03-28,0.173
2013-03-29,0.716
2013-03-30,0.682
2013-03-31,0.052
2013-04-01,0.004
2013-04-02,0.05
2013-04-03,0.102
2013-04-04,0.014
2013-04-05,0.058
2013-04-06,0.063
2013-04-07,0.04
2013-04-08,0.123
2013-04-09,0.058
2013-04-10,0.05
2013-04-11,0.044
2013-04-12,0.015
2013-04-13,0.01
2013-04-14,0.012
2013-04-15,0.018
2013-04-16,0.066
2013-04-17,0.17
2013-04-18,0.223
2013-04-19,0.548
2013-04-20,0.21
2013-04-21,0.13
2013-04-22,0.031
2013-04-23,0.008
2013-04-24,0.005
2013-04-25,0.052
2013-04-26,0.095
2013-04-27,0.026
2013-04-28,0.07
2013-04-29,0.278
2013-04-30,0.06
2013-05-01,0.107
2013-05-02,0.104
2013-05-03,0.04
2013-05-04,0.193
2013-05-05,0.022
2013-05-06,0.002
2013-05-07,0.057
2013-05-08,0.178
2013-05-09,0.099
2013-05-10,0.11
2013-05-11,0.426
2013-05-12,0.422
2013-05-13,0.042
2013-05-14,0.035
2013-05-15,0.085
2013-05-16,0.192
2013-05-17,0.218
2013-05-18,0.127
2013-05-19,0.028
2013-05-20,0.058
2013-05-21,0.048
2013-05-22,0.095
2013-05-23,0.089
2013-05-24,0.19
2013-05-25,1.149
2013-05-26,1.485
2013-05-27,0.941
2013-05-28,0.542
2013-05-29,0.554
2013-05-30,0.059
2013-05-31,0.089
2013-06-01,0.102
2013-06-02,0.102
2013-06-03,0.04
2013-06-04,0.038
2013-06-05,0.048
2013-06-06,0.112
2013-06-07,0.094
2013-06-08,0.162
2013-06-09,0.024
2013-06-10,0.02
2013-06-11,0.03
2013-06-12,0.231
2013-06-13,0.605
2013-06-14,0.413
2013-06-15,0.094
2013-06-16,0.162
2013-06-17,0.112
2013-06-18,0.336
2013-06-19,0.17
2013-06-20,0.085
2013-06-21,0.185
2013-06-22,0.293
2013-06-23,0.208
2013-06-24,0.044
2013-06-25,0.044
2013-06-26,0.345
2013-06-27,0.089
2013-06-28,0.017
2013-06-29,0.077
2013-06-30,0.055
2013-07-01,0.066
2013-07-02,0.405
2013-07-03,0.171
2013-07-04,0.043
2013-07-05,0.017
2013-07-06,0.047
2013-07-07,0.027
2013-07-08,0.039
2013-07-09,0.089
2013-07-10,0.193
2013-07-11,0.179
2013-07-12,0.101
2013-07-13,0.148
2013-07-14,0.193
2013-07-15,0.206
2013-07-16,0.152
2013-07-17,0.274
2013-07-18,0.403
2013-07-19,0.207
2013-07-20,0.198
2013-07-21,0.231
2013-07-22,0.246
2013-07-23,0.184
2013-07-24,0.027
2013-07-25,0.037
2013-07-26,0.063
2013-07-27,0.035
2013-07-28,0.15
2013-07-29,0.298
2013-07-30,0.34
2013-07-31,0.08
2013-08-01,0.063
2013-08-02,0.069
2013-08-03,0.269
2013-08-04,0.444
2013-08-05,0.423
2013-08-06,0.108
2013-08-07,0.155
2013-08-08,0.104
2013-08-09,0.435
2013-08-10,0.94
2013-08-11,0.194
2013-08-12,0.117
2013-08-13,0.291
2013-08-14,0.097
2013-08-15,0.229
2013-08-16,0.525
2013-08-17,0.135
2013-08-18,0.035
2013-08-19,0.445
2013-08-20,0.143
2013-08-21,0.02
2013-08-22,0.041
2013-08-23,0.024
2013-08-24,0.041
2013-08-25,0.102
2013-08-26,0.041
2013-08-27,0.021
2013-08-28,0.202
2013-08-29,0.16
2013-08-30,0.022
2013-08-31,0.098
2013-09-01,0.038
2013-09-02,0.056
2013-09-03,0.045
2013-09-04,0.062
2013-09-05,0.026
2013-09-06,0.033
2013-09-07,0.376
2013-09-08,0.155
2013-09-09,0.071
2013-09-10,0.016
2013-09-11,0.003
2013-09-12,0.029
2013-09-13,0.108
2013-09-14,0.065
2013-09-15,0.162
2013-09-16,0.191
2013-09-17,0.275
2013-09-18,0.063
2013-09-19,0.063
2013-09-20,0.125
2013-09-21,0.111
2013-09-22,0.088
2013-09-23,0.172
2013-09-24,0.233
2013-09-25,0.088
2013-09-26,0.153
2013-09-27,0.101
2013-09-28,0.607
2013-09-29,0.544
2013-09-30,0.268
2013-10-01,0.078
2013-10-02,0.134
2013-10-03,0.145
2013-10-04,0.115
2013-10-05,0.427
2013-10-06,0.198
2013-10-07,0.066
2013-10-08,0.595
2013-10-09,0.289
2013-10-10,0.522
2013-10-11,0.411
2013-10-12,0.018
2013-10-13,0.072
2013-10-14,0.254
2013-10-15,0.226
2013-10-16,0.084
2013-10-17,0.086
2013-10-18,0.087
2013-10-19,0.018
2013-10-20,0.021
2013-10-21,0.029
2013-10-22,0.022
2013-10-23,0.088
2013-10-24,0.05
2013-10-25,0.039
2013-10-26,0.063
2013-10-27,0.128
2013-10-28,0.046
2013-10-29,0.163
2013-10-30,0.419
2013-10-31,0.395
2013-11-01,0.34
2013-11-02,0.629
2013-11-03,0.295
2013-11-04,0.217
2013-11-05,0.151
2013-11-06,0.043
2013-11-07,0.113
2013-11-08,0.079
2013-11-09,0.543
2013-11-10,2.461
2013-11-11,1.145
2013-11-12,0.094
2013-11-13,0.183
2013-11-14,0.349
2013-11-15,0.02
2013-11-16,0.02
2013-11-17,0.01
2013-11-18,0.012
2013-11-19,0.015
2013-11-20,0.005
2013-11-21,0.003
2013-11-22,0.01
2013-11-23,0.065
2013-11-24,0.03
2013-11-25,0.058
2013-11-26,0.059
2013-11-27,0.015
2013-11-28,0.049
2013-11-29,0.169
2013-11-30,0.049
2013-12-01,0.117
2013-12-02,0.266
2013-12-03,0.105
2013-12-04,0.024
2013-12-05,0.101
2013-12-06,0.048
2013-12-07,0.107
2013-12-08,0.179
2013-12-09,0.064
2013-12-10,0.111
2013-12-11,0.024
2013-12-12,0.089
2013-12-13,0.156
2013-12-14,0.045
2013-12-15,0.023
2013-12-16,0.096
2013-12-17,0.066
2013-12-18,0.119
2013-12-19,0.78
2013-12-20,0.356
2013-12-21,0.173
2013-12-22,0.142
2013-12-23,0.24
2013-12-24,0.226
2013-12-25,0.433
2013-12-26,0.449
2013-12-27,1.469
2013-12-28,1.729
2013-12-29,2.758
2013-12-30,6.5
2013-12-31,1.894
2014-01-01,0.121
2014-01-02,0.07
2014-01-03,0.013
2014-01-04,0.062
2014-01-05,0.094
2014-01-06,0.136
2014-01-07,0.055
2014-01-08,0.027
2014-01-09,0.025
2014-01-10,0.064
2014-01-11,0.56
2014-01-12,0.662
2014-01-13,0.029
2014-01-14,0.008
2014-01-15,0.006
2014-01-16,0.006
2014-01-17,0.004
2014-01-18,0.004
2014-01-19,0.012
2014-01-20,0.008
2014-01-21,0.006
2014-01-22,0.011
2014-01-23,0.009
2014-01-24,0.004
2014-01-25,0.008
2014-01-26,0.039
2014-01-27,1.317
2014-01-28,2.109
2014-01-29,0.559
2014-01-30,0.199
2014-01-31,0.049
2014-02-01,0.017
2014-02-02,0.064
2014-02-03,0.065
2014-02-04,0.033
2014-02-05,0.059
2014-02-06,0.124
2014-02-07,0.018
2014-02-08,0.019
2014-02-09,0.011
2014-02-10,0.013
2014-02-11,0.013
2014-02-12,0.017
2014-02-13,0.165
2014-02-14,0.291
2014-02-15,0.102
2014-02-16,0.062
2014-02-17,0.599
2014-02-18,0.199
2014-02-19,0.052
2014-02-20,0.007
2014-02-21,0.018
2014-02-22,0.034
2014-02-23,0.012
2014-02-24,0.027
2014-02-25,0.076
2014-02-26,0.237
2014-02-27,0.207
2014-02-28,0.01
2014-03-01,0.019
2014-03-02,0.351
2014-03-03,0.1
2014-03-04,0.027
2014-03-05,0.024
2014-03-06,0.017
2014-03-07,0.024
2014-03-08,1.022
2014-03-09,1.704
2014-03-10,1.103
2014-03-11,0.116
2014-03-12,0.181
2014-03-13,0.341
2014-03-14,0.329
2014-03-15,1.267
2014-03-16,0.585
2014-03-17,0.106
2014-03-18,0.022
2014-03-19,0.024
2014-03-20,0.581
2014-03-21,0.977
2014-03-22,0.274
2014-03-23,0.963
2014-03-24,0.505
2014-03-25,0.666
2014-03-26,0.222
2014-03-27,0.085
2014-03-28,0.547
2014-03-29,0.276
2014-03-30,0.451
2014-03-31,3.691
2014-04-01,3.329
2014-04-02,1.964
2014-04-03,0.491
2014-04-04,0.227
2014-04-05,0.06
2014-04-06,0.072
2014-04-07,0.603
2014-04-08,0.307
2014-04-09,0.038
2014-04-10,0.036
2014-04-11,0.033
2014-04-12,0.385
2014-04-13,0.654
2014-04-14,0.131
2014-04-15,0.389
2014-04-16,0.461
2014-04-17,0.46
2014-04-18,0.215
2014-04-19,0.296
2014-04-20,0.327
2014-04-21,0.318
2014-04-22,0.143
2014-04-23,0.082
2014-04-24,0.374
2014-04-25,0.482
2014-04-26,0.479
2014-04-27,0.14
2014-04-28,0.162
2014-04-29,0.121
2014-04-30,1.581
2014-05-01,2.669
2014-05-02,0.281
2014-05-03,0.129
2014-05-04,0.024
2014-05-05,0.041
2014-05-06,0.058
2014-05-07,0.02
2014-05-08,0.008
2014-05-09,0.009
2014-05-10,0.039
2014-05-11,0.027
2014-05-12,0.072
2014-05-13,0.143
2014-05-14,0.043
2014-05-15,0.021
2014-05-16,0.022
2014-05-17,0.016
2014-05-18,0.01
2014-05-19,0.018
2014-05-20,0.015
2014-05-21,0.121
2014-05-22,0.161
2014-05-23,0.03
2014-05-24,0.009
2014-05-25,0.052
2014-05-26,0.364
2014-05-27,0.362
2014-05-28,0.214
2014-05-29,0.439
2014-05-30,0.382
2014-05-31,0.321
2014-06-01,0.289
2014-06-02,0.217
2014-06-03,0.094
2014-06-04,0.208
2014-06-05,0.513
2014-06-06,0.343
2014-06-07,0.247
2014-06-08,0.649
2014-06-09,0.575
2014-06-10,0.297
2014-06-11,0.146
2014-06-12,0.056
2014-06-13,0.023
2014-06-14,0.097
2014-06-15,0.161
2014-06-16,0.33
2014-06-17,0.261
2014-06-18,0.259
2014-06-19,0.158
2014-06-20,0.096
2014-06-21,0.108
2014-06-22,0.066
2014-06-23,0.321
2014-06-24,0.155
2014-06-25,0.162
2014-06-26,0.3
2014-06-27,0.177
2014-06-28,0.111
2014-06-29,0.227
2014-06-30,0.097
2014-07-01,0.176
2014-07-02,0.246
2014-07-03,0.173
2014-07-04,0.104
2014-07-05,0.095
2014-07-06,0.098
2014-07-07,0.392
2014-07-08,0.353
2014-07-09,0.369
2014-07-10,0.081
2014-07-11,0.025
2014-07-12,0.304
2014-07-13,3.066
2014-07-14,0.721
2014-07-15,1.017
2014-07-16,1.605
2014-07-17,0.959
2014-07-18,0.276
2014-07-19,1.404
2014-07-20,2.336
2014-07-21,0.398
2014-07-22,0.322
2014-07-23,0.429
2014-07-24,0.286
2014-07-25,0.126
2014-07-26,0.052
2014-07-27,0.036
2014-07-28,0.058
2014-07-29,0.026
2014-07-30,0.032
2014-07-31,0.123
2014-08-01,0.852
2014-08-02,0.413
2014-08-03,0.118
2014-08-04,0.069
2014-08-05,0.089
2014-08-06,0.446
2014-08-07,1.446
2014-08-08,1.515
2014-08-09,0.181
2014-08-10,0.037
2014-08-11,0.085
2014-08-12,0.207
2014-08-13,0.091
2014-08-14,0.129
2014-08-15,0.082
2014-08-16,0.188
2014-08-17,0.201
2014-08-18,0.176
2014-08-19,0.126
2014-08-20,1.088
2014-08-21,0.599
2014-08-22,0.096
2014-08-23,0.065
2014-08-24,0.124
2014-08-25,0.173
2014-08-26,0.24
2014-08-27,0.122
2014-08-28,0.05
2014-08-29,0.074
2014-08-30,0.081
2014-08-31,0.499
2014-09-01,0.24
2014-09-02,0.347
2014-09-03,0.193
2014-09-04,0.006
2014-09-05,0.014
2014-09-06,0.028
2014-09-07,0.12
2014-09-08,0.067
2014-09-09,0.016
2014-09-10,0.013
2014-09-11,0.012
2014-09-12,0.051
2014-09-13,0.11
2014-09-14,0.005
2014-09-15,0.004
2014-09-16,0.003
2014-09-17,0.006
2014-09-18,0.034
2014-09-19,0.026
2014-09-20,0.041
2014-09-21,0.048
2014-09-22,0.112
2014-09-23,0.098
2014-09-24,0.003
2014-09-25,0.007
2014-09-26,0.157
2014-09-27,1.358
2014-09-28,0.757
2014-09-29,0.022
2014-09-30,0.051
2014-10-01,0.069
2014-10-02,0.519
2014-10-03,0.327
2014-10-04,0.241
2014-10-05,0.024
2014-10-06,0.084
2014-10-07,0.035
2014-10-08,0.108
2014-10-09,0.091
2014-10-10,0.104
2014-10-11,0.083
2014-10-12,0.363
2014-10-13,0.432
2014-10-14,0.26
2014-10-15,0.091
2014-10-16,0.437
2014-10-17,0.91
2014-10-18,2.076
2014-10-19,0.528
2014-10-20,0.023
2014-10-21,0.011
2014-10-22,0.053
2014-10-23,0.153
2014-10-24,0.124
2014-10-25,0.66
2014-10-26,1.223
2014-10-27,0.437
2014-10-28,0.265
2014-10-29,0.356
2014-10-30,0.32
2014-10-31,1.031
2014-11-01,1.296
2014-11-02,0.877
2014-11-03,1.057
2014-11-04,0.176
2014-11-05,0.044
2014-11-06,0.037
2014-11-07,0.065
2014-11-08,0.332
2014-11-09,0.082
2014-11-10,0.021
2014-11-11,0.005
2014-11-12,0.014
2014-11-13,0.05
2014-11-14,0.336
2014-11-15,0.267
2014-11-16,0.523
2014-11-17,0.102
2014-11-18,0.844
2014-11-19,0.535
2014-11-20,0.805
2014-11-21,0.3
2014-11-22,0.07
2014-11-23,0.006
2014-11-24,0.126
2014-11-25,0.387
2014-11-26,0.262
2014-11-27,0.466
2014-11-28,0.681
2014-11-29,0.652
2014-11-30,0.24
2014-12-01,0.287
2014-12-02,0.235
2014-12-03,0.178
2014-12-04,0.119
2014-12-05,0.017
2014-12-06,0.124
2014-12-07,0.025
2014-12-08,0.009
2014-12-09,0.001
2014-12-10,0.103
2014-12-11,0.291
2014-12-12,0.881
2014-12-13,0.45
2014-12-14,0.31
2014-12-15,0.167
2014-12-16,0.304
2014-12-17,0.186
2014-12-18,0.296
2014-12-19,0.106
2014-12-20,0.024
2014-12-21,0.012
2014-12-22,0.07
2014-12-23,1.026
2014-12-24,0.215
2014-12-25,0.047
2014-12-26,0.016
2014-12-27,0.001
2014-12-28,0.001
2014-12-29,0.001
2014-12-30,0.002
2014-12-31,0.0
2015-01-01,0.0
2015-01-02,0.008
2015-01-03,0.001
2015-01-04,0.0
2015-01-05,0.0
2015-01-06,0.001
2015-01-07,0.0
2015-01-08,0.001
2015-01-09,0.0
2015-01-10,0.003
2015-01-11,0.022
2015-01-12,0.001
2015-01-13,0.0
2015-01-14,0.002
2015-01-15,0.0
2015-01-16,0.001
2015-01-17,0.0
2015-01-18,0.01
2015-01-19,0.008
2015-01-20,0.017
2015-01-21,0.002
2015-01-22,0.001
2015-01-23,0.001
2015-01-24,0.095
2015-01-25,2.084
2015-01-26,1.317
2015-01-27,0.035
2015-01-28,0.005
2015-01-29,0.001
2015-01-30,0.0
2015-01-31,0.007
2015-02-01,0.073
2015-02-02,0.003
2015-02-03,0.0
2015-02-04,0.001
2015-02-05,0.001
2015-02-06,0.0
2015-02-07,0.006
2015-02-08,0.01
2015-02-09,0.009
2015-02-10,0.012
2015-02-11,0.003
2015-02-12,0.009
2015-02-13,0.015
2015-02-14,0.001
2015-02-15,0.0
2015-02-16,0.0
2015-02-17,0.037
2015-02-18,0.0
2015-02-19,0.0
2015-02-20,0.014
2015-02-21,1.736
2015-02-22,1.03
2015-02-23,0.056
2015-02-24,0.233
2015-02-25,0.132
2015-02-26,0.051
2015-02-27,0.031
2015-02-28,0.208
2015-03-01,0.567
2015-03-02,0.745
2015-03-03,0.825
2015-03-04,2.5
2015-03-05,0.463
2015-03-06,0.672
2015-03-07,0.173
2015-03-08,0.143
2015-03-09,0.446
2015-03-10,0.097
2015-03-11,0.047
2015-03-12,0.082
2015-03-13,0.014
2015-03-14,0.004
2015-03-15,0.004
2015-03-16,0.001
2015-03-17,0.003
2015-03-18,0.011
2015-03-19,0.008
2015-03-20,0.082
2015-03-21,0.418
2015-03-22,0.103
2015-03-23,0.086
2015-03-24,0.025
2015-03-25,0.01
2015-03-26,0.091
2015-03-27,0.24
2015-03-28,0.118
2015-03-29,0.062
2015-03-30,0.218
2015-03-31,0.077
2015-04-01,0.089
2015-04-02,0.029
2015-04-03,0.05
2015-04-04,0.467
2015-04-05,0.392
2015-04-06,0.371
2015-04-07,0.294
2015-04-08,0.64
2015-04-09,0.572
2015-04-10,0.526
2015-04-11,1.575
2015-04-12,0.655
2015-04-13,0.677
2015-04-14,0.927
2015-04-15,0.772
2015-04-16,0.711
2015-04-17,2.353
2015-04-18,0.604
2015-04-19,0.344
2015-04-20,0.46
2015-04-21,0.425
2015-04-22,0.243
2015-04-23,0.101
2015-04-24,0.079
2015-04-25,0.052
2015-04-26,0.027
2015-04-27,0.059
2015-04-28,0.08
2015-04-29,0.44
2015-04-30,0.682
2015-05-01,0.218
2015-05-02,0.265
2015-05-03,0.568
2015-05-04,0.342
2015-05-05,0.29
2015-05-06,0.157
2015-05-07,0.122
2015-05-08,0.224
2015-05-09,0.451
2015-05-10,0.878
2015-05-11,0.368
2015-05-12,1.12
2015-05-13,0.869
2015-05-14,0.363
2015-05-15,0.436
2015-05-16,0.167
2015-05-17,0.48
2015-05-18,0.186
2015-05-19,0.516
2015-05-20,0.117
2015-05-21,0.067
2015-05-22,0.008
2015-05-23,0.054
2015-05-24,0.078
2015-05-25,0.006
2015-05-26,0.011
2015-05-27,0.114
2015-05-28,0.157
2015-05-29,0.15
2015-05-30,0.193
2015-05-31,0.197
2015-06-01,1.778
2015-06-02,0.335
2015-06-03,0.821
2015-06-04,0.19
2015-06-05,0.049
2015-06-06,0.129
2015-06-07,0.052
2015-06-08,0.15
2015-06-09,0.368
2015-06-10,0.564
2015-06-11,0.136
2015-06-12,0.004
2015-06-13,0.034
2015-06-14,0.058
2015-06-15,0.063
2015-06-16,0.085
2015-06-17,0.386
2015-06-18,0.206
2015-06-19,0.241
2015-06-20,0.094
2015-06-21,0.349
2015-06-22,0.22
2015-06-23,0.222
2015-06-24,0.034
2015-06-25,0.098
2015-06-26,0.03
2015-06-27,0.072
2015-06-28,0.012
2015-06-29,0.107
2015-06-30,0.017
2015-07-01,0.046
2015-07-02,0.078
2015-07-03,0.022
2015-07-04,0.006
2015-07-05,0.016
2015-07-06,0.07
2015-07-07,0.235
2015-07-08,0.212
2015-07-09,0.157
2015-07-10,0.065
2015-07-11,0.033
2015-07-12,0.138
2015-07-13,0.984
2015-07-14,0.207
2015-07-15,0.155
2015-07-16,0.49
2015-07-17,3.084
2015-07-18,0.174
2015-07-19,0.189
2015-07-20,0.056
2015-07-21,0.051
2015-07-22,0.164
2015-07-23,0.111
2015-07-24,0.313
2015-07-25,0.167
2015-07-26,0.023
2015-07-27,0.21
2015-07-28,0.252
2015-07-29,0.02
2015-07-30,0.095
2015-07-31,0.332
2015-08-01,0.154
2015-08-02,0.925
2015-08-03,1.052
2015-08-04,0.357
2015-08-05,0.452
2015-08-06,0.126
2015-08-07,1.049
2015-08-08,0.091
2015-08-09,0.059
2015-08-10,0.063
2015-08-11,0.132
2015-08-12,0.413
2015-08-13,1.874
2015-08-14,1.68
2015-08-15,0.202
2015-08-16,0.009
2015-08-17,0.88
2015-08-18,1.255
2015-08-19,0.276
2015-08-20,0.015
2015-08-21,0.401
2015-08-22,0.682
2015-08-23,0.066
2015-08-24,0.89
2015-08-25,0.276
2015-08-26,0.083
2015-08-27,0.005
2015-08-28,0.008
2015-08-29,0.016
2015-08-30,0.17
2015-08-31,0.016
2015-09-01,0.005
2015-09-02,0.064
2015-09-03,0.069
2015-09-04,0.016
2015-09-05,0.025
2015-09-06,0.082
2015-09-07,0.439
2015-09-08,0.016
2015-09-09,0.026
2015-09-10,0.123
2015-09-11,0.329
2015-09-12,0.469
2015-09-13,2.42
2015-09-14,0.336
2015-09-15,0.415
2015-09-16,1.151
2015-09-17,0.972
2015-09-18,0.725
2015-09-19,1.119
2015-09-20,4.479
2015-09-21,2.11
2015-09-22,0.169
2015-09-23,0.225
2015-09-24,0.341
2015-09-25,0.952
2015-09-26,1.492
2015-09-27,1.451
2015-09-28,1.59
2015-09-29,0.259
2015-09-30,0.278
2015-10-01,0.009
2015-10-02,0.069
2015-10-03,2.108
2015-10-04,1.766
2015-10-05,0.025
2015-10-06,0.099
2015-10-07,0.041
2015-10-08,0.018
2015-10-09,0.075
2015-10-10,0.729
2015-10-11,0.469
2015-10-12,0.036
2015-10-13,0.006
2015-10-14,0.089
2015-10-15,0.617
2015-10-16,2.38
2015-10-17,1.443
2015-10-18,0.243
2015-10-19,0.059
2015-10-20,0.075
2015-10-21,0.868
2015-10-22,0.557
2015-10-23,0.132
2015-10-24,0.254
2015-10-25,0.011
2015-10-26,0.035
2015-10-27,0.172
2015-10-28,0.248
2015-10-29,0.494
2015-10-30,0.027
2015-10-31,0.015
2015-11-01,0.044
2015-11-02,0.045
2015-11-03,0.183
2015-11-04,0.196
2015-11-05,0.958
2015-11-06,0.848
2015-11-07,0.385
2015-11-08,0.609
2015-11-09,1.318
2015-11-10,2.251
2015-11-11,1.627
2015-11-12,1.746
2015-11-13,2.275
2015-11-14,1.316
2015-11-15,0.692
2015-11-16,0.688
2015-11-17,0.553
2015-11-18,1.153
2015-11-19,3.732
2015-11-20,1.344
2015-11-21,0.173
2015-11-22,0.006
2015-11-23,0.027
2015-11-24,0.004
2015-11-25,0.01
2015-11-26,0.144
2015-11-27,0.703
2015-11-28,1.434
2015-11-29,0.406
2015-11-30,0.262
2015-12-01,0.094
2015-12-02,0.091
2015-12-03,0.075
2015-12-04,0.064
2015-12-05,0.015
2015-12-06,0.009
2015-12-07,0.023
2015-12-08,0.08
2015-12-09,0.135
2015-12-10,0.724
2015-12-11,0.224
2015-12-12,0.056
2015-12-13,0.045
2015-12-14,0.329
2015-12-15,0.48
2015-12-16,0.702
2015-12-17,0.355
2015-12-18,0.506
2015-12-19,1.323
2015-12-20,1.444
2015-12-21,1.266
2015-12-22,1.249
2015-12-23,1.32
2015-12-24,0.387
2015-12-25,0.458
2015-12-26,0.512
2015-12-27,0.595
2015-12-28,1.446
2015-12-29,0.085
2015-12-30,0.014
2015-12-31,0.043
2016-01-01,0.012
2016-01-02,0.159
2016-01-03,0.005
2016-01-04,0.004
2016-01-05,0.084
2016-01-06,0.24
2016-01-07,0.098
2016-01-08,0.005
2016-01-09,0.0
2016-01-10,0.001
2016-01-11,0.0
2016-01-12,0.002
2016-01-13,0.041
2016-01-14,0.003
2016-01-15,0.001
2016-01-16,0.0
2016-01-17,0.004
2016-01-18,0.001
2016-01-19,0.0
2016-01-20,0.001
2016-01-21,0.112
2016-01-22,0.208
2016-01-23,0.19
2016-01-24,0.0
2016-01-25,0.004
2016-01-26,0.003
2016-01-27,0.001
2016-01-28,0.001
2016-01-29,0.002
2016-01-30,0.106
2016-01-31,0.06
2016-02-01,0.132
2016-02-02,0.269
2016-02-03,0.05
2016-02-04,0.007
2016-02-05,0.064
2016-02-06,0.166
2016-02-07,0.112
2016-02-08,0.018
2016-02-09,0.002
2016-02-10,0.002
2016-02-11,0.001
2016-02-12,0.004
2016-02-13,0.082
2016-02-14,0.011
2016-02-15,0.064
2016-02-16,0.236
2016-02-17,0.392
2016-02-18,0.398
2016-02-19,0.123
2016-02-20,0.005
2016-02-21,0.003
2016-02-22,0.014
2016-02-23,0.021
2016-02-24,0.014
2016-02-25,0.178
2016-02-26,0.215
2016-02-27,0.001
2016-02-28,0.006
2016-02-29,0.009
2016-03-01,0.001
2016-03-02,0.003
2016-03-03,0.076
2016-03-04,0.028
2016-03-05,0.013
2016-03-06,0.006
2016-03-07,0.0
2016-03-08,0.036
2016-03-09,0.256
2016-03-10,0.024
2016-03-11,0.064
2016-03-12,1.442
2016-03-13,0.882
2016-03-14,0.249
2016-03-15,0.422
2016-03-16,0.079
2016-03-17,0.246
2016-03-18,0.078
2016-03-19,0.334
2016-03-20,0.443
2016-03-21,0.099
2016-03-22,0.05
2016-03-23,0.039
2016-03-24,0.071
2016-03-25,0.083
2016-03-26,0.132
2016-03-27,0.005
2016-03-28,0.001
2016-03-29,0.001
2016-03-30,0.026
2016-03-31,0.025
2016-04-01,0.007
2016-04-02,0.215
2016-04-03,0.053
2016-04-04,0.166
2016-04-05,0.015
2016-04-06,0.205
2016-04-07,1.075
2016-04-08,0.714
2016-04-09,0.272
2016-04-10,0.134
2016-04-11,0.178
2016-04-12,0.549
2016-04-13,0.705
2016-04-14,0.496
2016-04-15,0.097
2016-04-16,0.061
2016-04-17,0.056
2016-04-18,1.507
2016-04-19,0.932
2016-04-20,0.252
2016-04-21,0.133
2016-04-22,0.059
2016-04-23,0.617
2016-04-24,0.547
2016-04-25,0.224
2016-04-26,0.191
2016-04-27,0.287
2016-04-28,0.15
2016-04-29,0.23
2016-04-30,0.256
2016-05-01,0.429
2016-05-02,0.099
2016-05-03,0.079
2016-05-04,0.041
2016-05-05,0.049
2016-05-06,0.09
2016-05-07,0.045
2016-05-08,0.081
2016-05-09,0.171
2016-05-10,0.037
2016-05-11,0.155
2016-05-12,0.139
2016-05-13,0.177
2016-05-14,0.119
2016-05-15,0.026
2016-05-16,0.114
2016-05-17,0.214
2016-05-18,0.044
2016-05-19,0.242
2016-05-20,0.428
2016-05-21,0.483
2016-05-22,0.3
2016-05-23,0.342
2016-05-24,0.564
2016-05-25,0.672
2016-05-26,0.159
2016-05-27,0.178
2016-05-28,0.388
2016-05-29,0.009
2016-05-30,0.003
2016-05-31,0.33
2016-06-01,1.032
2016-06-02,0.249
2016-06-03,0.016
2016-06-04,0.047
2016-06-05,0.026
2016-06-06,0.591
2016-06-07,0.709
2016-06-08,0.178
2016-06-09,0.082
2016-06-10,0.458
2016-06-11,0.241
2016-06-12,0.266
2016-06-13,1.097
2016-06-14,2.08
2016-06-15,1.21
2016-06-16,0.386
2016-06-17,0.642
2016-06-18,0.159
2016-06-19,0.243
2016-06-20,0.096
2016-06-21,0.236
2016-06-22,0.434
2016-06-23,0.322
2016-06-24,0.181
2016-06-25,0.085
2016-06-26,0.158
2016-06-27,0.524
2016-06-28,0.203
2016-06-29,0.026
2016-06-30,0.017
2016-07-01,0.008
2016-07-02,0.197
2016-07-03,0.192
2016-07-04,0.151
2016-07-05,0.19
2016-07-06,0.2
2016-07-07,0.226
2016-07-08,0.173
2016-07-09,0.627
2016-07-10,0.327
2016-07-11,0.102
2016-07-12,0.312
2016-07-13,0.005
2016-07-14,0.004
2016-07-15,0.909
2016-07-16,0.152
2016-07-17,0.023
2016-07-18,0.007
2016-07-19,0.179
2016-07-20,0.605
2016-07-21,0.324
2016-07-22,0.248
2016-07-23,2.018
2016-07-24,0.539
2016-07-25,0.187
2016-07-26,0.002
2016-07-27,0.025
2016-07-28,0.01
2016-07-29,0.097
2016-07-30,0.247
2016-07-31,0.045
2016-08-01,0.06
2016-08-02,0.11
2016-08-03,0.187
2016-08-04,0.474
2016-08-05,0.196
2016-08-06,0.046
2016-08-07,0.015
2016-08-08,0.15
2016-08-09,0.163
2016-08-10,0.102
2016-08-11,0.071
2016-08-12,0.289
2016-08-13,1.53
2016-08-14,0.212
2016-08-15,0.154
2016-08-16,0.168
2016-08-17,0.074
2016-08-18,0.205
2016-08-19,0.828
2016-08-20,0.347
2016-08-21,0.157
2016-08-22,1.288
2016-08-23,5.655
2016-08-24,1.764
2016-08-25,0.053
2016-08-26,0.297
2016-08-27,0.199
2016-08-28,0.546
2016-08-29,0.357
2016-08-30,0.218
2016-08-31,2.115
2016-09-01,1.374
2016-09-02,0.244
2016-09-03,0.111
2016-09-04,0.812
2016-09-05,0.373
2016-09-06,0.063
2016-09-07,0.233
2016-09-08,0.061
2016-09-09,0.083
2016-09-10,0.085
2016-09-11,0.106
2016-09-12,0.141
2016-09-13,0.156
2016-09-14,0.438
2016-09-15,1.92
2016-09-16,0.636
2016-09-17,0.639
2016-09-18,0.548
2016-09-19,0.285
2016-09-20,0.065
2016-09-21,0.242
2016-09-22,0.453
2016-09-23,1.943
2016-09-24,0.218
2016-09-25,0.045
2016-09-26,0.166
2016-09-27,0.134
2016-09-28,0.071
2016-09-29,0.207
2016-09-30,0.395
2016-10-01,1.06
2016-10-02,0.949
2016-10-03,1.136
2016-10-04,2.174
2016-10-05,4.906
2016-10-06,0.272
2016-10-07,0.483
2016-10-08,0.155
2016-10-09,0.043
2016-10-10,0.099
2016-10-11,0.66
2016-10-12,0.338
2016-10-13,0.153
2016-10-14,0.158
2016-10-15,0.142
2016-10-16,0.015
2016-10-17,0.142
2016-10-18,0.518
2016-10-19,0.61
2016-10-20,0.472
2016-10-21,0.893
2016-10-22,0.754
2016-10-23,0.206
2016-10-24,0.096
2016-10-25,0.18
2016-10-26,0.051
2016-10-27,0.202
2016-10-28,0.763
2016-10-29,0.754
2016-10-30,1.218
2016-10-31,0.757
2016-11-01,0.116
2016-11-02,0.102
2016-11-03,0.024
2016-11-04,0.151
2016-11-05,0.039
2016-11-06,0.007
2016-11-07,0.008
2016-11-08,0.088
2016-11-09,0.072
2016-11-10,0.001
2016-11-11,0.016
2016-11-12,0.001
2016-11-13,0.0
2016-11-14,0.299
2016-11-15,0.585
2016-11-16,0.183
2016-11-17,0.027
2016-11-18,0.435
2016-11-19,0.431
2016-11-20,0.664
2016-11-21,1.001
2016-11-22,1.259
2016-11-23,0.316
2016-11-24,0.272
2016-11-25,0.735
2016-11-26,0.533
2016-11-27,0.447
2016-11-28,0.199
2016-11-29,0.219
2016-11-30,1.106
2016-12-01,4.125
2016-12-02,3.997
2016-12-03,1.441
2016-12-04,0.948
2016-12-05,1.845
2016-12-06,0.1
2016-12-07,0.01
2016-12-08,0.018
2016-12-09,0.004
2016-12-10,0.094
2016-12-11,0.071
2016-12-12,0.081
2016-12-13,0.211
2016-12-14,0.275
2016-12-15,0.016
2016-12-16,0.01
2016-12-17,0.115
2016-12-18,2.448
2016-12-19,0.714
2016-12-20,0.064
2016-12-21,0.268
2016-12-22,0.596
2016-12-23,0.215
2016-12-24,0.155
2016-12-25,0.574
2016-12-26,0.502
2016-12-27,0.157
2016-12-28,0.184
2016-12-29,0.411
2016-12-30,0.224
2016-12-31,0.023
2017-01-01,0.419
2017-01-02,1.021
2017-01-03,0.059
2017-01-04,0.12
2017-01-05,0.001
2017-01-06,0.0
2017-01-07,0.005
2017-01-08,0.049
2017-01-09,0.001
2017-01-10,0.011
2017-01-11,0.025
2017-01-12,0.008
2017-01-13,0.032
2017-01-14,0.081
2017-01-15,0.022
2017-01-16,0.018
2017-01-17,0.021
2017-01-18,0.021
2017-01-19,0.012
2017-01-20,0.009
2017-01-21,0.245
2017-01-22,0.438
2017-01-23,1.111
2017-01-24,4.899
2017-01-25,2.123
2017-01-26,0.156
2017-01-27,0.019
2017-01-28,0.041
2017-01-29,0.141
2017-01-30,0.016
2017-01-31,0.001
2017-02-01,0.0
2017-02-02,0.0
2017-02-03,0.001
2017-02-04,0.001
2017-02-05,0.0
2017-02-06,0.002
2017-02-07,0.007
2017-02-08,0.02
2017-02-09,0.07
2017-02-10,0.062
2017-02-11,0.006
2017-02-12,0.005
2017-02-13,0.001
2017-02-14,0.002
2017-02-15,0.003
2017-02-16,0.014
2017-02-17,0.385
2017-02-18,0.118
2017-02-19,0.188
2017-02-20,0.114
2017-02-21,0.02
2017-02-22,0.059
2017-02-23,0.05
2017-02-24,0.047
2017-02-25,0.003
2017-02-26,0.29
2017-02-27,1.195
2017-02-28,0.96
2017-03-01,0.194
2017-03-02,0.032
2017-03-03,0.042
2017-03-04,0.025
2017-03-05,0.005
2017-03-06,0.19
2017-03-07,0.002
2017-03-08,0.018
2017-03-09,0.163
2017-03-10,0.224
2017-03-11,0.015
2017-03-12,0.007
2017-03-13,0.0
2017-03-14,0.0
2017-03-15,0.0
2017-03-16,0.0
2017-03-17,0.117
2017-03-18,0.234
2017-03-19,0.004
2017-03-20,0.005
2017-03-21,0.006
2017-03-22,0.004
2017-03-23,0.228
2017-03-24,1.1
2017-03-25,0.02
2017-03-26,0.027
2017-03-27,0.071
2017-03-28,0.297
2017-03-29,0.233
2017-03-30,0.331
2017-03-31,0.22
2017-04-01,0.445
2017-04-02,0.157
2017-04-03,0.132
2017-04-04,0.079
2017-04-05,0.029
2017-04-06,0.001
2017-04-07,0.002
2017-04-08,0.0
2017-04-09,0.0
2017-04-10,0.02
2017-04-11,0.166
2017-04-12,0.514
2017-04-13,0.344
2017-04-14,0.049
2017-04-15,0.044
2017-04-16,0.099
2017-04-17,1.311
2017-04-18,1.113
2017-04-19,0.505
2017-04-20,0.041
2017-04-21,0.008
2017-04-22,0.022
2017-04-23,0.01
2017-04-24,0.022
2017-04-25,0.045
2017-04-26,0.02
2017-04-27,0.013
2017-04-28,0.115
2017-04-29,0.056
2017-04-30,0.304
2017-05-01,0.431
2017-05-02,0.033
2017-05-03,0.006
2017-05-04,0.009
2017-05-05,0.039
2017-05-06,0.116
2017-05-07,0.148
2017-05-08,0.088
2017-05-09,0.016
2017-05-10,0.067
2017-05-11,0.175
2017-05-12,0.22
2017-05-13,0.369
2017-05-14,1.063
2017-05-15,1.936
2017-05-16,1.055
2017-05-17,0.542
2017-05-18,0.031
2017-05-19,0.009
2017-05-20,0.027
2017-05-21,0.033
2017-05-22,0.207
2017-05-23,0.377
2017-05-24,0.131
2017-05-25,0.181
2017-05-26,0.033
2017-05-27,0.021
2017-05-28,0.143
2017-05-29,0.279
2017-05-30,0.047
2017-05-31,0.069
2017-06-01,0.059
2017-06-02,0.026
2017-06-03,0.051
2017-06-04,0.163
2017-06-05,0.157
2017-06-06,0.085
2017-06-07,0.033
2017-06-08,0.036
2017-06-09,0.007
2017-06-10,0.017
2017-06-11,0.075
2017-06-12,0.095
2017-06-13,0.059
2017-06-14,0.067
2017-06-15,0.405
2017-06-16,0.065
2017-06-17,0.013
2017-06-18,0.029
2017-06-19,0.057
2017-06-20,0.066
2017-06-21,0.02
2017-06-22,0.027
2017-06-23,0.128
2017-06-24,0.026
2017-06-25,0.031
2017-06-26,0.003
2017-06-27,0.017
2017-06-28,0.009
2017-06-29,0.063
2017-06-30,0.126
2017-07-01,0.174
2017-07-02,0.026
2017-07-03,0.046
2017-07-04,0.002
2017-07-05,0.002
2017-07-06,0.067
2017-07-07,0.03
2017-07-08,0.01
2017-07-09,0.042
2017-07-10,0.056
2017-07-11,0.075
2017-07-12,0.184
2017-07-13,0.025
2017-07-14,0.053
2017-07-15,0.077
2017-07-16,0.156
2017-07-17,0.117
2017-07-18,0.264
2017-07-19,0.176
2017-07-20,0.115
2017-07-21,0.329
2017-07-22,0.232
2017-07-23,0.07
2017-07-24,0.079
2017-07-25,0.126
2017-07-26,0.025
2017-07-27,0.062
2017-07-28,0.29
2017-07-29,0.667
2017-07-30,0.117
2017-07-31,0.24
2017-08-01,0.074
2017-08-02,0.161
2017-08-03,0.049
2017-08-04,0.067
2017-08-05,0.024
2017-08-06,0.038
2017-08-07,0.137
2017-08-08,0.042
2017-08-09,0.034
2017-08-10,0.072
2017-08-11,0.329
2017-08-12,0.267
2017-08-13,0.096
2017-08-14,0.099
2017-08-15,0.104
2017-08-16,0.093
2017-08-17,0.035
2017-08-18,0.061
2017-08-19,0.401
2017-08-20,0.289
2017-08-21,0.672
2017-08-22,1.389
2017-08-23,0.158
2017-08-24,0.18
2017-08-25,0.175
2017-08-26,0.097
2017-08-27,0.14
2017-08-28,0.288
2017-08-29,0.314
2017-08-30,0.117
2017-08-31,0.035
2017-09-01,0.008
2017-09-02,0.003
2017-09-03,0.0
2017-09-04,0.001
2017-09-05,0.0
2017-09-06,0.129
2017-09-07,0.081
2017-09-08,0.142
2017-09-09,0.188
2017-09-10,0.181
2017-09-11,0.051
2017-09-12,0.007
2017-09-13,0.011
2017-09-14,0.011
2017-09-15,0.006
2017-09-16,0.103
2017-09-17,0.145
2017-09-18,0.181
2017-09-19,0.148
2017-09-20,0.219
2017-09-21,0.133
2017-09-22,0.059
2017-09-23,0.046
2017-09-24,0.037
2017-09-25,0.01
2017-09-26,0.009
2017-09-27,0.014
2017-09-28,0.062
2017-09-29,0.189
2017-09-30,0.032
2017-10-01,0.017
2017-10-02,0.029
2017-10-03,0.189
2017-10-04,0.542
2017-10-05,0.389
2017-10-06,0.086
2017-10-07,0.011
2017-10-08,0.016
2017-10-09,0.001
2017-10-10,0.007
2017-10-11,0.003
2017-10-12,0.421
2017-10-13,0.849
2017-10-14,0.483
2017-10-15,1.591
2017-10-16,0.394
2017-10-17,0.269
2017-10-18,0.144
2017-10-19,0.18
2017-10-20,0.308
2017-10-21,0.205
2017-10-22,0.051
2017-10-23,0.658
2017-10-24,4.654
2017-10-25,0.438
2017-10-26,0.066
2017-10-27,0.014
2017-10-28,0.029
2017-10-29,0.006
2017-10-30,0.0
2017-10-31,0.033
2017-11-01,0.051
2017-11-02,0.02
2017-11-03,0.001
2017-11-04,0.077
2017-11-05,0.593
2017-11-06,0.189
2017-11-07,0.012
2017-11-08,0.236
2017-11-09,0.076
2017-11-10,0.165
2017-11-11,2.074
2017-11-12,0.72
2017-11-13,0.103
2017-11-14,0.462
2017-11-15,0.731
2017-11-16,0.701
2017-11-17,0.103
2017-11-18,0.005
2017-11-19,0.0
2017-11-20,0.025
2017-11-21,0.006
2017-11-22,0.037
2017-11-23,1.449
2017-11-24,0.135
2017-11-25,0.778
2017-11-26,0.618
2017-11-27,2.47
2017-11-28,1.342
2017-11-29,0.613
2017-11-30,6.701
2017-12-01,2.243
2017-12-02,1.914
2017-12-03,0.476
2017-12-04,0.027
2017-12-05,0.0
2017-12-06,0.0
2017-12-07,0.0
2017-12-08,0.0
2017-12-09,0.001
2017-12-10,0.0
2017-12-11,0.0
2017-12-12,0.001
2017-12-13,0.088
2017-12-14,0.826
2017-12-15,0.276
2017-12-16,0.003
2017-12-17,0.009
2017-12-18,0.011
2017-12-19,0.044
2017-12-20,0.88
2017-12-21,1.647
2017-12-22,0.017
2017-12-23,0.002
2017-12-24,0.0
2017-12-25,0.018
2017-12-26,0.03
2017-12-27,0.024
2017-12-28,0.059
2017-12-29,0.261
2017-12-30,0.429
2017-12-31,0.002
2018-01-01,0.005
2018-01-02,0.003
2018-01-03,0.0
2018-01-04,0.006
2018-01-05,0.001
2018-01-06,0.114
2018-01-07,0.137
2018-01-08,0.157
2018-01-09,0.057
2018-01-10,0.015
2018-01-11,0.096
2018-01-12,0.011
2018-01-13,0.082
2018-01-14,0.044
2018-01-15,0.006
2018-01-16,0.002
2018-01-17,0.013
2018-01-18,0.514
2018-01-19,0.56
2018-01-20,0.394
2018-01-21,1.072
2018-01-22,1.96
2018-01-23,4.116
2018-01-24,1.165
2018-01-25,1.203
2018-01-26,2.001
2018-01-27,0.231
2018-01-28,0.526
2018-01-29,0.215
2018-01-30,0.002
2018-01-31,0.002
2018-02-01,0.012
2018-02-02,0.006
2018-02-03,0.0
2018-02-04,0.004
2018-02-05,0.099
2018-02-06,0.151
2018-02-07,0.018
2018-02-08,0.004
2018-02-09,0.007
2018-02-10,0.0
2018-02-11,0.0
2018-02-12,0.002
2018-02-13,0.003
2018-02-14,0.257
2018-02-15,0.428
2018-02-16,1.297
2018-02-17,0.618
2018-02-18,0.175
2018-02-19,0.176
2018-02-20,0.289
2018-02-21,0.646
2018-02-22,1.361
2018-02-23,1.517
2018-02-24,2.454
2018-02-25,1.463
2018-02-26,1.314
2018-02-27,0.85
2018-02-28,0.41
2018-03-01,0.582
2018-03-02,0.552
2018-03-03,0.082
2018-03-04,0.196
2018-03-05,0.222
2018-03-06,0.119
2018-03-07,0.159
2018-03-08,0.02
2018-03-09,0.292
2018-03-10,0.101
2018-03-11,0.026
2018-03-12,0.127
2018-03-13,0.628
2018-03-14,1.898
2018-03-15,1.353
2018-03-16,0.014
2018-03-17,0.01
2018-03-18,0.081
2018-03-19,1.017
2018-03-20,0.378
2018-03-21,0.251
2018-03-22,0.306
2018-03-23,0.109
2018-03-24,0.327
2018-03-25,0.227
2018-03-26,0.297
2018-03-27,0.246
2018-03-28,0.131
2018-03-29,0.064
2018-03-30,0.224
2018-03-31,0.036
2018-04-01,0.002
2018-04-02,0.008
2018-04-03,0.019
2018-04-04,0.0
2018-04-05,0.005
2018-04-06,0.286
2018-04-07,0.681
2018-04-08,0.232
2018-04-09,0.585
2018-04-10,1.053
2018-04-11,0.823
2018-04-12,0.376
2018-04-13,0.699
2018-04-14,1.549
2018-04-15,1.47
2018-04-16,0.385
2018-04-17,0.13
2018-04-18,0.43
2018-04-19,0.145
2018-04-20,0.279
2018-04-21,0.202
2018-04-22,0.337
2018-04-23,0.209
2018-04-24,0.638
2018-04-25,0.368
2018-04-26,1.156
2018-04-27,0.421
2018-04-28,0.023
2018-04-29,0.197
2018-04-30,0.081
2018-05-01,0.052
2018-05-02,0.055
2018-05-03,0.048
2018-05-04,0.242
2018-05-05,0.001
2018-05-06,0.164
2018-05-07,1.426
2018-05-08,1.775
2018-05-09,0.321
2018-05-10,0.45
2018-05-11,0.1
2018-05-12,0.166
2018-05-13,0.235
2018-05-14,0.153
2018-05-15,0.009
2018-05-16,0.065
2018-05-17,0.682
2018-05-18,0.135
2018-05-19,0.138
2018-05-20,0.987
2018-05-21,0.541
2018-05-22,0.263
2018-05-23,0.115
2018-05-24,0.337
2018-05-25,0.256
2018-05-26,0.506
2018-05-27,0.21
2018-05-28,0.089
2018-05-29,0.67
2018-05-30,0.769
2018-05-31,0.194
2018-06-01,0.315
2018-06-02,0.342
2018-06-03,0.205
2018-06-04,0.463
2018-06-05,0.556
2018-06-06,0.4
2018-06-07,0.064
2018-06-08,0.634
2018-06-09,0.288
2018-06-10,0.13
2018-06-11,0.131
2018-06-12,0.304
2018-06-13,0.18
2018-06-14,0.229
2018-06-15,0.065
2018-06-16,0.02
2018-06-17,0.013
2018-06-18,0.002
2018-06-19,0.012
2018-06-20,0.0
2018-06-21,0.013
2018-06-22,0.278
2018-06-23,0.276
2018-06-24,0.482
2018-06-25,0.779
2018-06-26,0.512
2018-06-27,0.682
2018-06-28,0.41
2018-06-29,0.368
2018-06-30,0.046
2018-07-01,0.074
2018-07-02,0.185
2018-07-03,0.374
2018-07-04,0.112
2018-07-05,0.188
2018-07-06,0.425
2018-07-07,0.767
2018-07-08,0.101
2018-07-09,0.134
2018-07-10,0.04
2018-07-11,0.046
2018-07-12,0.16
2018-07-13,0.134
2018-07-14,0.461
2018-07-15,0.223
2018-07-16,0.089
2018-07-17,0.2
2018-07-18,0.622
2018-07-19,0.073
2018-07-20,0.285
2018-07-21,0.5
2018-07-22,0.096
2018-07-23,0.103
2018-07-24,0.088
2018-07-25,0.265
2018-07-26,0.326
2018-07-27,0.053
2018-07-28,0.091
2018-07-29,0.103
2018-07-30,0.456
2018-07-31,0.185
2018-08-01,0.084
2018-08-02,0.405
2018-08-03,1.095
2018-08-04,1.026
2018-08-05,0.343
2018-08-06,0.012
2018-08-07,0.025
2018-08-08,0.233
2018-08-09,0.725
2018-08-10,1.109
2018-08-11,0.155
2018-08-12,0.041
2018-08-13,0.007
2018-08-14,0.013
2018-08-15,0.41
2018-08-16,0.654
2018-08-17,0.287
2018-08-18,1.501
2018-08-19,0.665
2018-08-20,0.135
2018-08-21,0.217
2018-08-22,1.82
2018-08-23,10.965
2018-08-24,11.007
2018-08-25,5.839
2018-08-26,2.027
2018-08-27,0.606
2018-08-28,1.144
2018-08-29,0.475
2018-08-30,0.144
2018-08-31,0.134
2018-09-01,0.002
2018-09-02,0.017
2018-09-03,0.888
2018-09-04,0.509
2018-09-05,0.058
2018-09-06,0.024
2018-09-07,0.064
2018-09-08,0.006
2018-09-09,0.012
2018-09-10,0.052
2018-09-11,0.015
2018-09-12,0.086
2018-09-13,2.025
2018-09-14,0.526
2018-09-15,0.936
2018-09-16,0.319
2018-09-17,0.298
2018-09-18,0.593
2018-09-19,0.147
2018-09-20,0.272
2018-09-21,0.047
2018-09-22,0.024
2018-09-23,0.003
2018-09-24,0.059
2018-09-25,0.059
2018-09-26,0.003
2018-09-27,0.008
2018-09-28,0.167
2018-09-29,0.202
2018-09-30,0.059
2018-10-01,0.001
2018-10-02,0.002
2018-10-03,0.106
2018-10-04,0.233
2018-10-05,0.147
2018-10-06,0.86
2018-10-07,2.407
2018-10-08,2.517
2018-10-09,0.844
2018-10-10,0.24
2018-10-11,0.574
2018-10-12,0.444
2018-10-13,0.247
2018-10-14,0.074
2018-10-15,0.379
2018-10-16,0.572
2018-10-17,1.04
2018-10-18,1.081
2018-10-19,0.253
2018-10-20,0.45
2018-10-21,0.173
2018-10-22,0.444
2018-10-23,0.454
2018-10-24,0.217
2018-10-25,0.387
2018-10-26,0.371
2018-10-27,0.639
2018-10-28,1.43
2018-10-29,0.99
2018-10-30,0.153
2018-10-31,0.009
2018-11-01,0.035
2018-11-02,0.135
2018-11-03,2.084
2018-11-04,0.477
2018-11-05,0.197
2018-11-06,0.088
2018-11-07,0.021
2018-11-08,0.216
2018-11-09,0.238
2018-11-10,0.323
2018-11-11,0.943
2018-11-12,0.102
2018-11-13,0.011
2018-11-14,0.138
2018-11-15,0.228
2018-11-16,0.107
2018-11-17,0.947
2018-11-18,0.925
2018-11-19,0.048
2018-11-20,0.22
2018-11-21,0.377
2018-11-22,1.0
2018-11-23,0.117
2018-11-24,0.362
2018-11-25,0.265
2018-11-26,0.156
2018-11-27,0.079
2018-11-28,0.117
2018-11-29,0.088
2018-11-30,0.041
2018-12-01,0.062
2018-12-02,0.882
2018-12-03,0.516
2018-12-04,0.683
2018-12-05,0.042
2018-12-06,0.007
2018-12-07,0.338
2018-12-08,0.037
2018-12-09,0.271
2018-12-10,0.201
2018-12-11,0.532
2018-12-12,0.407
2018-12-13,0.549
2018-12-14,0.045
2018-12-15,0.003
2018-12-16,0.0
2018-12-17,0.0
2018-12-18,0.038
2018-12-19,1.047
2018-12-20,0.469
2018-12-21,0.188
2018-12-22,0.16
2018-12-23,0.205
2018-12-24,0.662
2018-12-25,0.114
2018-12-26,0.077
2018-12-27,0.272
2018-12-28,0.054
2018-12-29,0.632
2018-12-30,0.295
2018-12-31,0.604
2019-01-01,0.211
2019-01-02,0.036
2019-01-03,0.093
2019-01-04,0.174
2019-01-05,0.024
2019-01-06,0.005
2019-01-07,0.017
2019-01-08,0.017
2019-01-09,0.019
2019-01-10,0.062
2019-01-11,0.034
2019-01-12,0.021
2019-01-13,0.001
2019-01-14,0.0
2019-01-15,0.0
2019-01-16,0.0
2019-01-17,0.009
2019-01-18,0.084
2019-01-19,0.114
2019-01-20,0.008
2019-01-21,0.003
2019-01-22,0.029
2019-01-23,0.015
2019-01-24,0.057
2019-01-25,0.017
2019-01-26,0.527
2019-01-27,0.009
2019-01-28,0.013
2019-01-29,0.009
2019-01-30,0.054
2019-01-31,0.04
2019-02-01,0.048
2019-02-02,0.039
2019-02-03,0.506
2019-02-04,0.485
2019-02-05,0.136
2019-02-06,0.005
2019-02-07,0.005
2019-02-08,0.003
2019-02-09,0.034
2019-02-10,0.005
2019-02-11,0.0
2019-02-12,0.0
2019-02-13,0.006
2019-02-14,0.566
2019-02-15,0.929
2019-02-16,0.178
2019-02-17,0.005
2019-02-18,0.495
2019-02-19,4.182
2019-02-20,0.655
2019-02-21,0.008
2019-02-22,0.073
2019-02-23,0.289
2019-02-24,0.642
2019-02-25,0.017
2019-02-26,0.047
2019-02-27,0.27
2019-02-28,0.04
2019-03-01,0.016
2019-03-02,0.06
2019-03-03,0.161
2019-03-04,0.078
2019-03-05,0.275
2019-03-06,0.284
2019-03-07,0.326
2019-03-08,0.334
2019-03-09,0.215
2019-03-10,0.443
2019-03-11,0.334
2019-03-12,0.296
2019-03-13,0.294
2019-03-14,0.332
2019-03-15,0.034
2019-03-16,0.139
2019-03-17,0.011
2019-03-18,0.003
2019-03-19,0.019
2019-03-20,0.003
2019-03-21,0.068
2019-03-22,0.108
2019-03-23,0.056
2019-03-24,0.202
2019-03-25,0.16
2019-03-26,0.039
2019-03-27,0.252
2019-03-28,0.085
2019-03-29,0.015
2019-03-30,0.006
2019-03-31,0.015
2019-04-01,0.031
2019-04-02,0.278
2019-04-03,0.384
2019-04-04,0.006
2019-04-05,0.001
2019-04-06,0.03
2019-04-07,0.045
2019-04-08,0.073
2019-04-09,0.165
2019-04-10,0.642
2019-04-11,1.685
2019-04-12,1.953
2019-04-13,2.804
2019-04-14,1.321
2019-04-15,0.608
2019-04-16,0.258
2019-04-17,0.106
2019-04-18,0.247
2019-04-19,0.228
2019-04-20,0.198
2019-04-21,0.056
2019-04-22,0.049
2019-04-23,0.093
2019-04-24,0.282
2019-04-25,0.361
2019-04-26,0.5
2019-04-27,0.107
2019-04-28,0.018
2019-04-29,0.36
2019-04-30,0.118
2019-05-01,0.034
2019-05-02,0.198
2019-05-03,0.072
2019-05-04,0.011
2019-05-05,0.056
2019-05-06,0.004
2019-05-07,0.014
2019-05-08,0.015
2019-05-09,0.023
2019-05-10,0.008
2019-05-11,0.003
2019-05-12,0.0
2019-05-13,0.013
2019-05-14,0.003
2019-05-15,0.298
2019-05-16,0.046
2019-05-17,0.0
2019-05-18,0.006
2019-05-19,0.018
2019-05-20,0.098
2019-05-21,0.139
2019-05-22,0.043
2019-05-23,0.137
2019-05-24,0.34
2019-05-25,0.16
2019-05-26,0.376
2019-05-27,0.327
2019-05-28,0.474
2019-05-29,0.051
2019-05-30,0.25
2019-05-31,0.263
2019-06-01,0.196
2019-06-02,0.367
2019-06-03,0.562
2019-06-04,0.491
2019-06-05,0.299
2019-06-06,0.062
2019-06-07,0.004
2019-06-08,0.089
2019-06-09,0.097
2019-06-10,0.098
2019-06-11,0.035
2019-06-12,0.042
2019-06-13,0.027
2019-06-14,0.175
2019-06-15,0.319
2019-06-16,0.18
2019-06-17,0.217
2019-06-18,0.153
2019-06-19,0.071
2019-06-20,0.011
2019-06-21,0.003
2019-06-22,0.008
2019-06-23,0.004
2019-06-24,0.007
2019-06-25,0.001
2019-06-26,0.064
2019-06-27,0.113
2019-06-28,0.155
2019-06-29,0.065
2019-06-30,0.207
2019-07-01,0.041
2019-07-02,0.052
2019-07-03,0.125
2019-07-04,0.25
2019-07-05,0.039
2019-07-06,0.004
2019-07-07,0.046
2019-07-08,1.212
2019-07-09,0.763
2019-07-10,0.09
2019-07-11,0.013
2019-07-12,0.014
2019-07-13,0.014
2019-07-14,0.02
2019-07-15,0.059
2019-07-16,0.049
2019-07-17,0.085
2019-07-18,0.186
2019-07-19,0.231
2019-07-20,0.262
2019-07-21,0.255
2019-07-22,0.449
2019-07-23,0.141
2019-07-24,0.187
2019-07-25,0.172
2019-07-26,0.209
2019-07-27,0.244
2019-07-28,0.229
2019-07-29,0.491
2019-07-30,0.327
2019-07-31,2.257
2019-08-01,1.742
2019-08-02,2.729
2019-08-03,0.187
2019-08-04,0.239
2019-08-05,0.114
2019-08-06,0.035
2019-08-07,0.008
2019-08-08,0.005
2019-08-09,0.264
2019-08-10,1.647
2019-08-11,0.006
2019-08-12,0.004
2019-08-13,0.026
2019-08-14,0.116
2019-08-15,0.198
2019-08-16,0.219
2019-08-17,0.317
2019-08-18,0.038
2019-08-19,0.013
2019-08-20,0.307
2019-08-21,0.253
2019-08-22,0.039
2019-08-23,0.028
2019-08-24,0.043
2019-08-25,0.222
2019-08-26,0.623
2019-08-27,0.103
2019-08-28,0.009
2019-08-29,0.022
2019-08-30,0.11
2019-08-31,0.132
2019-09-01,0.076
2019-09-02,0.242
2019-09-03,0.037
2019-09-04,0.57
2019-09-05,0.241
2019-09-06,0.278
2019-09-07,0.429
2019-09-08,0.59
2019-09-09,0.464
2019-09-10,0.126
2019-09-11,0.263
2019-09-12,0.29
2019-09-13,0.455
2019-09-14,0.183
2019-09-15,0.014
2019-09-16,0.018
2019-09-17,0.079
2019-09-18,0.138
2019-09-19,0.186
2019-09-20,0.171
2019-09-21,0.367
2019-09-22,0.168
2019-09-23,1.082
2019-09-24,0.377
2019-09-25,0.009
2019-09-26,0.02
2019-09-27,0.079
2019-09-28,0.032
2019-09-29,0.181
2019-09-30,0.483
2019-10-01,0.693
2019-10-02,0.553
2019-10-03,0.86
2019-10-04,0.544
2019-10-05,0.069
2019-10-06,0.052
2019-10-07,0.038
2019-10-08,0.042
2019-10-09,0.137
2019-10-10,2.726
2019-10-11,0.364
2019-10-12,0.104
2019-10-13,0.122
2019-10-14,0.162
2019-10-15,0.172
2019-10-16,0.489
2019-10-17,0.084
2019-10-18,0.119
2019-10-19,0.245
2019-10-20,0.196
2019-10-21,0.382
2019-10-22,0.496
2019-10-23,0.153
2019-10-24,0.006
2019-10-25,0.177
2019-10-26,0.223
2019-10-27,0.249
2019-10-28,0.356
2019-10-29,0.84
2019-10-30,1.264
2019-10-31,0.094
2019-11-01,0.012
2019-11-02,0.005
2019-11-03,0.045
2019-11-04,0.002
2019-11-05,0.01
2019-11-06,0.021
2019-11-07,0.032
2019-11-08,0.002
2019-11-09,0.004
2019-11-10,0.013
2019-11-11,0.017
2019-11-12,0.022
2019-11-13,0.0
2019-11-14,0.0
2019-11-15,0.0
2019-11-16,0.085
2019-11-17,1.309
2019-11-18,0.349
2019-11-19,0.787
2019-11-20,0.988
2019-11-21,0.407
2019-11-22,1.522
2019-11-23,1.213
2019-11-24,1.583
2019-11-25,0.227
2019-11-26,0.095
2019-11-27,0.213
2019-11-28,0.163
2019-11-29,0.204
2019-11-30,0.362
2019-12-01,0.904
2019-12-02,0.483
2019-12-03,0.313
2019-12-04,0.155
2019-12-05,0.206
2019-12-06,0.37
2019-12-07,0.154
2019-12-08,0.007
2019-12-09,0.03
2019-12-10,0.195
2019-12-11,0.098
2019-12-12,0.203
2019-12-13,0.353
2019-12-14,0.314
2019-12-15,0.185
2019-12-16,0.456
2019-12-17,1.014
2019-12-18,0.473
2019-12-19,0.35
2019-12-20,0.061
2019-12-21,0.891
2019-12-22,0.876
2019-12-23,0.131
2019-12-24,0.238
2019-12-25,0.073
2019-12-26,0.05
2019-12-27,0.354
2019-12-28,1.305
2019-12-29,0.16
2019-12-30,0.126
2019-12-31,0.141
2020-01-01,0.004
2020-01-02,0.102
2020-01-03,0.378
2020-01-04,0.198
2020-01-05,0.847
2020-01-06,0.184
2020-01-07,0.79
2020-01-08,2.058
2020-01-09,6.064
2020-01-10,5.363
2020-01-11,13.899
2020-01-12,7.985
2020-01-13,1.222
2020-01-14,0.154
2020-01-15,0.761
2020-01-16,0.399
2020-01-17,0.831
2020-01-18,0.469
2020-01-19,0.115
2020-01-20,0.042
2020-01-21,0.004
2020-01-22,0.002
2020-01-23,0.089
2020-01-24,0.038
2020-01-25,0.035
2020-01-26,0.011
2020-01-27,0.0
2020-01-28,0.007
2020-01-29,0.015
2020-01-30,0.008
2020-01-31,0.091
2020-02-01,0.154
2020-02-02,0.098
2020-02-03,0.014
2020-02-04,0.012
2020-02-05,0.213
2020-02-06,0.634
2020-02-07,0.122
2020-02-08,0.018
2020-02-09,0.021
2020-02-10,0.077
2020-02-11,0.583
2020-02-12,0.176
2020-02-13,0.074
2020-02-14,0.105
2020-02-15,0.03
2020-02-16,0.034
2020-02-17,0.193
2020-02-18,0.391
2020-02-19,0.105
2020-02-20,0.279
2020-02-21,0.145
2020-02-22,0.009
2020-02-23,0.04
2020-02-24,0.03
2020-02-25,0.125
2020-02-26,0.154
2020-02-27,0.33
2020-02-28,2.289
2020-02-29,0.858
2020-03-01,1.431
2020-03-02,0.344
2020-03-03,1.872
2020-03-04,0.656
2020-03-05,0.116
2020-03-06,1.598
2020-03-07,0.105
2020-03-08,0.025
2020-03-09,0.386
2020-03-10,0.277
2020-03-11,0.354
2020-03-12,0.619
2020-03-13,0.087
2020-03-14,0.113
2020-03-15,0.271
2020-03-16,0.264
2020-03-17,1.122
2020-03-18,0.394
2020-03-19,0.133
2020-03-20,0.441
2020-03-21,0.079
2020-03-22,0.09
2020-03-23,1.351
2020-03-24,0.184
2020-03-25,0.948
2020-03-26,0.337
2020-03-27,0.212
2020-03-28,0.718
2020-03-29,1.824
2020-03-30,1.216
2020-03-31,0.512
2020-04-01,0.119
2020-04-02,0.274
2020-04-03,0.029
2020-04-04,0.446
2020-04-05,0.684
2020-04-06,0.543
2020-04-07,0.039
2020-04-08,0.133
2020-04-09,0.44
2020-04-10,0.11
2020-04-11,0.018
2020-04-12,1.655
2020-04-13,0.518
2020-04-14,0.14
2020-04-15,0.009
2020-04-16,0.079
2020-04-17,0.26
2020-04-18,0.007
2020-04-19,0.002
2020-04-20,0.004
2020-04-21,0.005
2020-04-22,0.111
2020-04-23,0.058
2020-04-24,0.042
2020-04-25,0.03
2020-04-26,0.177
2020-04-27,0.047
2020-04-28,0.017
2020-04-29,0.026
2020-04-30,0.137
2020-05-01,0.161
2020-05-02,0.161
2020-05-03,0.111
2020-05-04,0.05
2020-05-05,0.019
2020-05-06,0.119
2020-05-07,0.185
2020-05-08,0.102
2020-05-09,0.17
2020-05-10,0.034
2020-05-11,0.121
2020-05-12,0.211
2020-05-13,0.097
2020-05-14,0.05
2020-05-15,0.039
2020-05-16,0.037
2020-05-17,0.005
2020-05-18,0.069
2020-05-19,0.241
2020-05-20,1.21
2020-05-21,0.272
2020-05-22,0.562
2020-05-23,0.106
2020-05-24,0.012
2020-05-25,0.268
2020-05-26,0.072
2020-05-27,0.108
2020-05-28,0.022
2020-05-29,0.026
2020-05-30,0.187
2020-05-31,0.047
2020-06-01,0.071
2020-06-02,0.041
2020-06-03,0.061
2020-06-04,0.068
2020-06-05,0.052
2020-06-06,0.021
2020-06-07,0.225
2020-06-08,0.024
2020-06-09,0.061
2020-06-10,0.512
2020-06-11,0.04
2020-06-12,0.055
2020-06-13,0.197
2020-06-14,0.209
2020-06-15,0.071
2020-06-16,0.364
2020-06-17,0.019
2020-06-18,0.15
2020-06-19,0.161
2020-06-20,0.02
2020-06-21,0.033
2020-06-22,0.046
2020-06-23,0.038
2020-06-24,0.52
2020-06-25,0.331
2020-06-26,0.006
2020-06-27,0.017
2020-06-28,0.034
2020-06-29,0.012
2020-06-30,0.008
2020-07-01,0.044
2020-07-02,0.073
2020-07-03,0.052
2020-07-04,0.939
2020-07-05,0.215
2020-07-06,0.055
2020-07-07,0.088
2020-07-08,0.502
2020-07-09,0.034
2020-07-10,0.019
2020-07-11,0.327
2020-07-12,0.149
2020-07-13,0.04
2020-07-14,0.807
2020-07-15,0.193
2020-07-16,0.009
2020-07-17,0.001
2020-07-18,0.016
2020-07-19,0.061
2020-07-20,0.065
2020-07-21,0.289
2020-07-22,0.095
2020-07-23,0.382
2020-07-24,0.312
2020-07-25,0.124
2020-07-26,1.059
2020-07-27,0.019
2020-07-28,0.043
2020-07-29,0.236
2020-07-30,0.237
2020-07-31,0.066
2020-08-01,0.262
2020-08-02,0.112
2020-08-03,0.122
2020-08-04,0.162
2020-08-05,0.157
2020-08-06,0.826
2020-08-07,0.197
2020-08-08,0.052
2020-08-09,0.141
2020-08-10,0.038
2020-08-11,0.107
2020-08-12,0.05
2020-08-13,0.041
2020-08-14,0.324
2020-08-15,0.038
2020-08-16,0.01
2020-08-17,0.145
2020-08-18,0.158
2020-08-19,0.23
2020-08-20,0.245
2020-08-21,0.147
2020-08-22,0.104
2020-08-23,0.002
2020-08-24,0.01
2020-08-25,0.006
2020-08-26,0.001
2020-08-27,0.053
2020-08-28,0.008
2020-08-29,0.125
2020-08-30,0.221
2020-08-31,0.301
2020-09-01,0.139
2020-09-02,0.028
2020-09-03,0.05
2020-09-04,0.106
2020-09-05,0.114
2020-09-06,0.055
2020-09-07,0.543
2020-09-08,0.405
2020-09-09,0.625
2020-09-10,0.091
2020-09-11,0.006
2020-09-12,0.0
2020-09-13,0.189
2020-09-14,0.21
2020-09-15,0.001
2020-09-16,0.0
2020-09-17,0.0
2020-09-18,0.0
2020-09-19,0.056
2020-09-20,0.159
2020-09-21,0.017
2020-09-22,0.039
2020-09-23,5.042
2020-09-24,0.264
2020-09-25,0.028
2020-09-26,0.032
2020-09-27,0.005
2020-09-28,0.002
2020-09-29,0.018
2020-09-30,0.07
2020-10-01,0.125
2020-10-02,0.015
2020-10-03,0.003
2020-10-04,0.001
2020-10-05,0.012
2020-10-06,0.0
2020-10-07,0.025
2020-10-08,0.001
2020-10-09,0.0
2020-10-10,0.019
2020-10-11,0.0
2020-10-12,0.064
2020-10-13,0.24
2020-10-14,0.105
2020-10-15,0.011
2020-10-16,0.001
2020-10-17,0.016
2020-10-18,0.137
2020-10-19,0.012
2020-10-20,0.002
2020-10-21,0.001
2020-10-22,0.184
2020-10-23,0.318
2020-10-24,0.628
2020-10-25,0.017
2020-10-26,0.517
2020-10-27,0.068
2020-10-28,0.024
2020-10-29,0.611
2020-10-30,0.022
2020-10-31,0.034
2020-11-01,0.007
2020-11-02,0.042
2020-11-03,0.165
2020-11-04,0.106
2020-11-05,0.001
2020-11-06,0.045
2020-11-07,0.759
2020-11-08,0.486
2020-11-09,0.062
2020-11-10,1.878
2020-11-11,0.799
2020-11-12,0.955
2020-11-13,0.187
2020-11-14,0.031
2020-11-15,0.036
2020-11-16,0.33
2020-11-17,0.009
2020-11-18,0.74
2020-11-19,0.205
2020-11-20,0.124
2020-11-21,2.944
2020-11-22,9.492
2020-11-23,2.406
2020-11-24,0.067
2020-11-25,1.442
2020-11-26,0.52
2020-11-27,0.27
2020-11-28,0.106
2020-11-29,0.077
2020-11-30,0.022
2020-12-01,0.0
2020-12-02,0.003
2020-12-03,0.335
2020-12-04,0.146
2020-12-05,0.01
2020-12-06,0.018
2020-12-07,0.048
2020-12-08,0.039
2020-12-09,0.011
2020-12-10,0.005
2020-12-11,0.005
2020-12-12,0.038
2020-12-13,0.098
2020-12-14,0.076
2020-12-15,0.057
2020-12-16,0.663
2020-12-17,0.471
2020-12-18,3.488
2020-12-19,1.909
2020-12-20,0.335
2020-12-21,0.28
2020-12-22,0.043
2020-12-23,0.002
2020-12-24,0.002
2020-12-25,0.006
2020-12-26,1.218
2020-12-27,0.225
2020-12-28,0.131
2020-12-29,0.123
2020-12-30,0.062
2020-12-31,0.245
2021-01-01,0.564
2021-01-02,0.199
2021-01-03,0.106
2021-01-04,0.129
2021-01-05,0.088
2021-01-06,0.079
2021-01-07,0.046
2021-01-08,0.017
2021-01-09,0.238
2021-01-10,0.021
2021-01-11,0.018
2021-01-12,0.006
2021-01-13,0.228
2021-01-14,0.002
2021-01-15,0.009
2021-01-16,0.012
2021-01-17,0.051
2021-01-18,0.762
2021-01-19,1.381
2021-01-20,0.313
2021-01-21,0.373
2021-01-22,0.359
2021-01-23,0.111
2021-01-24,0.327
2021-01-25,7.163
2021-01-26,4.179
2021-01-27,1.239
2021-01-28,0.081
2021-01-29,1.022
2021-01-30,0.288
2021-01-31,0.178
2021-02-01,0.001
2021-02-02,0.042
2021-02-03,0.014
2021-02-04,0.425
2021-02-05,0.254
2021-02-06,0.002
2021-02-07,0.006
2021-02-08,0.0
2021-02-09,0.553
2021-02-10,0.066
2021-02-11,0.229
2021-02-12,0.006
2021-02-13,0.151
2021-02-14,0.027
2021-02-15,0.003
2021-02-16,0.003
2021-02-17,0.138
2021-02-18,0.248
2021-02-19,0.053
2021-02-20,0.182
2021-02-21,0.368
2021-02-22,0.207
2021-02-23,0.567
2021-02-24,1.367
2021-02-25,0.47
2021-02-26,1.519
2021-02-27,2.787
2021-02-28,2.301
2021-03-01,1.669
2021-03-02,1.157
2021-03-03,0.328
2021-03-04,0.218
2021-03-05,0.158
2021-03-06,0.921
2021-03-07,0.974
2021-03-08,3.307
2021-03-09,1.762
2021-03-10,0.355
2021-03-11,0.516
2021-03-12,0.21
2021-03-13,0.837
2021-03-14,0.083
2021-03-15,0.233
2021-03-16,0.447
2021-03-17,1.288
2021-03-18,1.124
2021-03-19,0.136
2021-03-20,2.076
2021-03-21,1.47
2021-03-22,1.241
2021-03-23,0.336
2021-03-24,0.002
2021-03-25,0.002
2021-03-26,0.001
2021-03-27,0.095
2021-03-28,0.331
2021-03-29,0.182
2021-03-30,0.147
2021-03-31,0.477
2021-04-01,0.431
2021-04-02,0.477
2021-04-03,0.723
2021-04-04,0.861
2021-04-05,2.897
2021-04-06,0.817
2021-04-07,0.171
2021-04-08,0.582
2021-04-09,0.168
2021-04-10,0.053
2021-04-11,0.272
2021-04-12,0.122
2021-04-13,0.152
2021-04-14,0.023
2021-04-15,0.137
2021-04-16,0.08
2021-04-17,0.078
2021-04-18,0.258
2021-04-19,0.002
2021-04-20,0.003
2021-04-21,0.006
2021-04-22,0.01
2021-04-23,0.371
2021-04-24,0.579
2021-04-25,0.09
2021-04-26,0.007
2021-04-27,0.108
2021-04-28,0.217
2021-04-29,0.432
2021-04-30,0.019
2021-05-01,0.284
2021-05-02,0.358
2021-05-03,0.176
2021-05-04,0.136
2021-05-05,0.148
2021-05-06,0.028
2021-05-07,0.161
2021-05-08,0.124
2021-05-09,0.259
2021-05-10,0.119
2021-05-11,0.327
2021-05-12,0.209
2021-05-13,0.503
2021-05-14,0.874
2021-05-15,0.143
2021-05-16,0.288
2021-05-17,0.34
2021-05-18,0.123
2021-05-19,0.071
2021-05-20,0.342
2021-05-21,0.369
2021-05-22,0.033
2021-05-23,0.011
2021-05-24,0.019
2021-05-25,0.003
2021-05-26,0.019
2021-05-27,0.066
2021-05-28,0.034
2021-05-29,0.037
2021-05-30,0.093
2021-05-31,0.105
2021-06-01,0.003
2021-06-02,0.005
2021-06-03,0.0
2021-06-04,0.001
2021-06-05,0.003
2021-06-06,0.218
2021-06-07,0.234
2021-06-08,0.224
2021-06-09,0.071
2021-06-10,0.064
2021-06-11,0.008
2021-06-12,0.089
2021-06-13,0.05
2021-06-14,0.047
2021-06-15,0.001
2021-06-16,0.076
2021-06-17,0.19
2021-06-18,0.063
2021-06-19,0.057
2021-06-20,0.083
2021-06-21,0.139
2021-06-22,0.044
2021-06-23,0.126
2021-06-24,0.084
2021-06-25,0.047
2021-06-26,0.009
2021-06-27,0.09
2021-06-28,0.01
2021-06-29,0.243
2021-06-30,0.242
2021-07-01,0.214
2021-07-02,0.068
2021-07-03,0.582
2021-07-04,0.295
2021-07-05,0.276
2021-07-06,0.492
2021-07-07,0.378
2021-07-08,0.234
2021-07-09,0.698
2021-07-10,0.257
2021-07-11,0.013
2021-07-12,0.232
2021-07-13,0.016
2021-07-14,0.524
2021-07-15,0.114
2021-07-16,0.205
2021-07-17,0.81
2021-07-18,0.089
2021-07-19,0.677
2021-07-20,0.345
2021-07-21,3.838
2021-07-22,1.768
2021-07-23,
2021-07-24,0.323
2021-07-25,0.855
2021-07-26,2.496
2021-07-27,0.639
2021-07-28,0.692
2021-07-29,0.278
2021-07-30,0.102
2021-07-31,0.064
2021-08-01,0.144
2021-08-02,0.459
2021-08-03,0.406
2021-08-04,0.614
2021-08-05,0.177
2021-08-06,0.441
2021-08-07,0.041
2021-08-08,0.031
2021-08-09,0.187
2021-08-10,0.224
2021-08-11,0.882
2021-08-12,0.068
2021-08-13,0.249
2021-08-14,0.129
2021-08-15,0.085
2021-08-16,0.158
2021-08-17,0.113
2021-08-18,0.281
2021-08-19,0.127
2021-08-20,0.028
2021-08-21,0.248
2021-08-22,0.215
2021-08-23,0.58
2021-08-24,0.43
2021-08-25,0.24
2021-08-26,0.289
2021-08-27,0.455
2021-08-28,0.14
2021-08-29,0.04
2021-08-30,0.05
2021-08-31,0.1
2021-09-01,0.026
2021-09-02,0.078
2021-09-03,0.082
2021-09-04,0.482
2021-09-05,0.85
2021-09-06,0.154
2021-09-07,0.014
2021-09-08,0.046
2021-09-09,0.153
2021-09-10,0.125
2021-09-11,0.106
2021-09-12,0.288
2021-09-13,0.005
2021-09-14,0.071
2021-09-15,2.758
2021-09-16,0.797
2021-09-17,0.134
2021-09-18,0.243
2021-09-19,0.187
2021-09-20,0.45
2021-09-21,0.564
2021-09-22,0.27
2021-09-23,0.002
2021-09-24,0.275
2021-09-25,0.263
2021-09-26,0.962
2021-09-27,0.136
2021-09-28,0.169
2021-09-29,0.152
2021-09-30,1.351
2021-10-01,0.025
2021-10-02,0.029
2021-10-03,0.032
2021-10-04,0.109
2021-10-05,0.094
2021-10-06,0.06
2021-10-07,0.5
2021-10-08,0.54
2021-10-09,1.539
2021-10-10,1.742
2021-10-11,3.792
2021-10-12,5.347
2021-10-13,0.284
2021-10-14,0.399
2021-10-15,1.795
2021-10-16,0.44
2021-10-17,0.163
2021-10-18,0.047
2021-10-19,0.034
2021-10-20,0.004
2021-10-21,0.004
2021-10-22,0.508
2021-10-23,0.506
2021-10-24,0.262
2021-10-25,0.237
2021-10-26,0.002
2021-10-27,0.001
2021-10-28,0.0
2021-10-29,0.0
2021-10-30,0.004
2021-10-31,0.002
2021-11-01,0.0
2021-11-02,0.0
2021-11-03,0.034
2021-11-04,0.156
2021-11-05,0.011
2021-11-06,0.004
2021-11-07,0.041
2021-11-08,0.015
2021-11-09,0.001
2021-11-10,0.0
2021-11-11,0.001
2021-11-12,0.0
2021-11-13,1.002
2021-11-14,0.005
2021-11-15,0.161
2021-11-16,1.185
2021-11-17,0.11
2021-11-18,0.035
2021-11-19,0.0
2021-11-20,0.0
2021-11-21,0.009
2021-11-22,0.273
2021-11-23,0.006
2021-11-24,0.004
2021-11-25,0.643
2021-11-26,0.008
2021-11-27,0.025
2021-11-28,0.228
2021-11-29,0.097
2021-11-30,0.646
2021-12-01,0.053
2021-12-02,0.251
2021-12-03,0.975
2021-12-04,0.728
2021-12-05,2.578
2021-12-06,3.487
2021-12-07,0.032
2021-12-08,0.109
2021-12-09,0.049
2021-12-10,0.047
2021-12-11,0.003
2021-12-12,0.007
2021-12-13,0.171
2021-12-14,0.002
2021-12-15,0.115
2021-12-16,0.0
2021-12-17,0.068
2021-12-18,0.83
2021-12-19,1.135
2021-12-20,0.974
2021-12-21,2.032
2021-12-22,2.738
2021-12-23,0.992
2021-12-24,0.135
2021-12-25,0.101
2021-12-26,0.278
2021-12-27,0.585
2021-12-28,0.022
2021-12-29,0.082
2021-12-30,0.584
2021-12-31,0.205
2022-01-01,0.028
2022-01-02,0.186
2022-01-03,0.14
2022-01-04,0.001
2022-01-05,0.0
2022-01-06,0.0
2022-01-07,0.036
2022-01-08,0.0
2022-01-09,0.008
2022-01-10,0.007
2022-01-11,0.383
2022-01-12,0.12
2022-01-13,0.036
2022-01-14,0.002
2022-01-15,0.009
2022-01-16,0.02
2022-01-17,0.016
2022-01-18,0.083
2022-01-19,0.005
2022-01-20,0.03
2022-01-21,0.001
2022-01-22,0.001
2022-01-23,0.056
2022-01-24,0.004
2022-01-25,0.004
2022-01-26,0.009
2022-01-27,0.0
2022-01-28,0.001
2022-01-29,0.0
2022-01-30,0.003
2022-01-31,0.034
2022-02-01,0.136
2022-02-02,0.021
2022-02-03,0.001
2022-02-04,0.266
2022-02-05,0.722
2022-02-06,0.623
2022-02-07,0.231
2022-02-08,0.508
2022-02-09,0.062
2022-02-10,0.022
2022-02-11,0.008
2022-02-12,0.143
2022-02-13,0.573
2022-02-14,0.278
2022-02-15,0.039
2022-02-16,0.348
2022-02-17,0.911
2022-02-18,0.42
2022-02-19,0.034
2022-02-20,0.027
2022-02-21,0.084
2022-02-22,0.091
2022-02-23,0.029
2022-02-24,0.047
2022-02-25,0.026
2022-02-26,0.0
2022-02-27,0.006
2022-02-28,0.015
2022-03-01,0.0
2022-03-02,0.138
2022-03-03,0.187
2022-03-04,0.012
2022-03-05,0.096
2022-03-06,0.012
2022-03-07,0.0
2022-03-08,0.134
2022-03-09,0.158
2022-03-10,0.018
2022-03-11,0.008
2022-03-12,0.065
2022-03-13,0.012
2022-03-14,0.001
2022-03-15,0.388
2022-03-16,0.221
2022-03-17,0.063
2022-03-18,0.309
2022-03-19,0.329
2022-03-20,0.131
2022-03-21,0.009
2022-03-22,0.116
2022-03-23,0.931
2022-03-24,0.03
2022-03-25,0.008
2022-03-26,0.19
2022-03-27,0.042
2022-03-28,0.034
2022-03-29,0.255
2022-03-30,0.568
2022-03-31,0.306
2022-04-01,0.504
2022-04-02,0.462
2022-04-03,0.356
2022-04-04,0.081
2022-04-05,0.071
2022-04-06,0.89
2022-04-07,0.162
2022-04-08,0.667
2022-04-09,0.384
2022-04-10,0.143
2022-04-11,0.709
2022-04-12,0.458
2022-04-13,0.155
2022-04-14,0.167
2022-04-15,0.644
2022-04-16,2.766
2022-04-17,0.886
2022-04-18,0.448
2022-04-19,0.763
2022-04-20,0.024
2022-04-21,0.216
2022-04-22,0.464
2022-04-23,0.263
2022-04-24,0.088
2022-04-25,0.429
2022-04-26,0.306
2022-04-27,0.232
2022-04-28,0.116
2022-04-29,0.53
2022-04-30,0.259
2022-05-01,1.614
2022-05-02,2.282
2022-05-03,3.202
2022-05-04,0.342
2022-05-05,0.251
2022-05-06,0.128
2022-05-07,0.227
2022-05-08,0.063
2022-05-09,0.254
2022-05-10,0.679
2022-05-11,0.356
2022-05-12,0.046
2022-05-13,0.191
2022-05-14,0.084
2022-05-15,0.222
2022-05-16,0.259
2022-05-17,0.262
2022-05-18,0.027
2022-05-19,0.002
2022-05-20,0.0
2022-05-21,0.0
2022-05-22,0.029
2022-05-23,0.099
2022-05-24,0.137
2022-05-25,0.065
2022-05-26,0.038
2022-05-27,0.033
2022-05-28,0.223
2022-05-29,0.179
2022-05-30,0.01
2022-05-31,0.058
2022-06-01,0.006
2022-06-02,0.174
2022-06-03,0.185
2022-06-04,0.571
2022-06-05,0.298
2022-06-06,0.015
2022-06-07,0.001
2022-06-08,0.002
2022-06-09,0.09
2022-06-10,0.014
2022-06-11,0.23
2022-06-12,0.025
2022-06-13,0.057
2022-06-14,0.187
2022-06-15,0.066
2022-06-16,0.193
2022-06-17,0.686
2022-06-18,0.222
2022-06-19,0.012
2022-06-20,0.458
2022-06-21,0.302
2022-06-22,0.408
2022-06-23,0.137
2022-06-24,0.229
2022-06-25,0.594
2022-06-26,0.042
2022-06-27,0.337
2022-06-28,0.071
2022-06-29,0.271
2022-06-30,0.055
2022-07-01,0.284
2022-07-02,0.531
2022-07-03,0.096
2022-07-04,0.062
2022-07-05,0.046
2022-07-06,0.027
2022-07-07,0.068
2022-07-08,0.037
2022-07-09,0.318
2022-07-10,0.388
2022-07-11,0.059
2022-07-12,0.215
2022-07-13,0.623
2022-07-14,0.288
2022-07-15,0.181
2022-07-16,1.077
2022-07-17,0.04
2022-07-18,0.208
2022-07-19,0.08
2022-07-20,0.09
2022-07-21,0.27
2022-07-22,0.321
2022-07-23,0.485
2022-07-24,0.017
2022-07-25,0.112
2022-07-26,0.391
2022-07-27,0.019
2022-07-28,0.0
2022-07-29,0.013
2022-07-30,0.051
2022-07-31,0.011
2022-08-01,0.21
2022-08-02,0.488
2022-08-03,0.535
2022-08-04,0.017
2022-08-05,0.41
2022-08-06,0.067
2022-08-07,0.002
2022-08-08,0.344
2022-08-09,0.383
2022-08-10,0.102
2022-08-11,0.164
2022-08-12,0.146
2022-08-13,0.064
2022-08-14,0.044
2022-08-15,0.121
2022-08-16,0.036
2022-08-17,0.005
2022-08-18,0.017
2022-08-19,0.085
2022-08-20,0.006
2022-08-21,0.105
2022-08-22,0.037
2022-08-23,0.247
2022-08-24,0.002
2022-08-25,0.003
2022-08-26,0.311
2022-08-27,0.009
2022-08-28,0.009
2022-08-29,0.121
2022-08-30,0.141
2022-08-31,0.036
2022-09-01,0.348
2022-09-02,0.003
2022-09-03,0.302
2022-09-04,0.006
2022-09-05,0.222
2022-09-06,0.339
2022-09-07,0.046
2022-09-08,0.171
2022-09-09,0.001
2022-09-10,0.008
2022-09-11,0.014
2022-09-12,0.27
2022-09-13,0.117
2022-09-14,0.229
2022-09-15,0.063
2022-09-16,0.002
2022-09-17,0.186
2022-09-18,0.493
2022-09-19,0.489
2022-09-20,0.03
2022-09-21,0.02
2022-09-22,0.17
2022-09-23,0.058
2022-09-24,0.261
2022-09-25,0.095
2022-09-26,0.14
2022-09-27,0.044
2022-09-28,0.001
2022-09-29,0.335
2022-09-30,0.106
2022-10-01,0.0
2022-10-02,0.0
2022-10-03,0.053
2022-10-04,0.072
2022-10-05,0.187
2022-10-06,0.061
2022-10-07,0.012
2022-10-08,0.008
2022-10-09,0.083
2022-10-10,0.053
2022-10-11,0.0
2022-10-12,0.0
2022-10-13,0.007
2022-10-14,0.263
2022-10-15,0.502
2022-10-16,0.073
2022-10-17,0.058
2022-10-18,0.014
2022-10-19,0.019
2022-10-20,0.005
2022-10-21,0.895
2022-10-22,0.31
2022-10-23,0.246
2022-10-24,0.017
2022-10-25,0.063
2022-10-26,0.548
2022-10-27,0.237
2022-10-28,0.084
2022-10-29,0.634
2022-10-30,0.066
2022-10-31,1.529
2022-11-01,0.391
2022-11-02,1.249
2022-11-03,1.553
2022-11-04,1.239
2022-11-05,0.22
2022-11-06,0.06
2022-11-07,0.193
2022-11-08,0.316
2022-11-09,0.522
2022-11-10,0.165
2022-11-11,0.047
2022-11-12,0.016
2022-11-13,0.073
2022-11-14,0.076
2022-11-15,0.385
2022-11-16,0.212
2022-11-17,0.071
2022-11-18,0.751
2022-11-19,0.394
2022-11-20,0.743
2022-11-21,0.548
2022-11-22,0.198
2022-11-23,0.876
2022-11-24,0.868
2022-11-25,0.605
2022-11-26,0.001
2022-11-27,0.0
2022-11-28,0.036
2022-11-29,0.006
2022-11-30,0.114
2022-12-01,0.095
2022-12-02,0.418
2022-12-03,0.121
2022-12-04,0.0
2022-12-05,0.373
2022-12-06,0.557
2022-12-07,0.473
2022-12-08,0.449
2022-12-09,0.315
2022-12-10,0.109
2022-12-11,0.121
2022-12-12,0.729
2022-12-13,1.214
2022-12-14,0.029
2022-12-15,0.004
2022-12-16,0.217
2022-12-17,0.024
2022-12-18,0.091
2022-12-19,0.539
2022-12-20,0.001
2022-12-21,0.0
2022-12-22,0.001
2022-12-23,0.0
2022-12-24,0.001
2022-12-25,0.002
2022-12-26,0.001
2022-12-27,0.0
2022-12-28,0.0
2022-12-29,0.008
2022-12-30,0.006
2022-12-31,0.005
2023-01-01,0.011
2023-01-02,0.0
2023-01-03,0.003
2023-01-04,0.061
2023-01-05,0.018
2023-01-06,0.014
2023-01-07,0.0
2023-01-08,0.0
2023-01-09,0.0
2023-01-10,0.0
2023-01-11,0.0
2023-01-12,0.0
2023-01-13,0.0
2023-01-14,0.0
2023-01-15,0.0
2023-01-16,0.006
2023-01-17,0.001
2023-01-18,0.19
2023-01-19,0.008
2023-01-20,0.0
2023-01-21,0.0
2023-01-22,0.02
2023-01-23,0.081
2023-01-24,0.039
2023-01-25,0.009
2023-01-26,0.01
2023-01-27,0.117
2023-01-28,0.169
2023-01-29,0.23
2023-01-30,0.672
2023-01-31,0.065
2023-02-01,0.0
2023-02-02,0.013
2023-02-03,0.014
2023-02-04,0.452
2023-02-05,0.983
2023-02-06,0.698
2023-02-07,1.146
2023-02-08,0.181
2023-02-09,0.575
2023-02-10,0.336
2023-02-11,2.824
2023-02-12,3.773
2023-02-13,0.702
2023-02-14,0.357
2023-02-15,0.013
2023-02-16,1.0
2023-02-17,3.543
2023-02-18,8.073
2023-02-19,0.746
2023-02-20,1.259
2023-02-21,1.028
2023-02-22,0.855
2023-02-23,1.439
2023-02-24,1.244
2023-02-25,0.17
2023-02-26,0.656
2023-02-27,0.805
2023-02-28,1.525
2023-03-01,2.039
2023-03-02,1.248
2023-03-03,1.137
2023-03-04,0.614
2023-03-05,0.009
2023-03-06,0.004
2023-03-07,0.007
2023-03-08,0.008
2023-03-09,0.05
2023-03-10,0.086
2023-03-11,0.0
2023-03-12,0.037
2023-03-13,0.001
2023-03-14,0.001
2023-03-15,0.001
2023-03-16,0.003
2023-03-17,0.001
2023-03-18,0.002
2023-03-19,0.0
2023-03-20,0.057
2023-03-21,0.175
2023-03-22,1.175
2023-03-23,0.368
2023-03-24,0.05
2023-03-25,0.195
2023-03-26,0.3
2023-03-27,0.357
2023-03-28,0.088
2023-03-29,0.057
2023-03-30,0.296
2023-03-31,0.108
2023-04-01,0.011
2023-04-02,1.769
2023-04-03,0.703
2023-04-04,0.213
2023-04-05,0.031
2023-04-06,0.274
2023-04-07,0.053
2023-04-08,0.03
2023-04-09,0.004
2023-04-10,0.299
2023-04-11,0.599
2023-04-12,0.491
2023-04-13,1.022
2023-04-14,0.069
2023-04-15,0.054
2023-04-16,0.59
2023-04-17,0.011
2023-04-18,0.196
2023-04-19,0.334
2023-04-20,0.005
2023-04-21,0.068
2023-04-22,0.036
2023-04-23,0.006
2023-04-24,0.001
2023-04-25,0.003
2023-04-26,0.0
2023-04-27,0.018
2023-04-28,0.19
2023-04-29,0.25
2023-04-30,0.221
2023-05-01,0.01
2023-05-02,0.069
2023-05-03,0.351
2023-05-04,0.225
2023-05-05,0.133
2023-05-06,0.094
2023-05-07,0.094
2023-05-08,0.039
2023-05-09,0.45
2023-05-10,0.081
2023-05-11,0.068
2023-05-12,0.01
2023-05-13,0.045
2023-05-14,0.14
2023-05-15,0.528
2023-05-16,0.172
2023-05-17,0.093
2023-05-18,0.012
2023-05-19,0.125
2023-05-20,0.101
2023-05-21,0.149
2023-05-22,0.491
2023-05-23,0.378
2023-05-24,0.23
2023-05-25,0.362
2023-05-26,0.34
2023-05-27,0.319
2023-05-28,0.062
2023-05-29,0.08
2023-05-30,0.417
2023-05-31,0.478
2023-06-01,0.263
2023-06-02,0.116
2023-06-03,0.066
2023-06-04,0.017
2023-06-05,0.014
2023-06-06,0.166
2023-06-07,0.04
2023-06-08,0.026
2023-06-09,0.04
2023-06-10,0.01
2023-06-11,0.042
2023-06-12,0.009
2023-06-13,0.28
2023-06-14,0.175
2023-06-15,0.441
2023-06-16,0.058
2023-06-17,0.134
2023-06-18,0.019
2023-06-19,0.202
2023-06-20,0.142
2023-06-21,0.101
2023-06-22,0.111
2023-06-23,0.76
2023-06-24,0.208
2023-06-25,0.196
2023-06-26,0.323
2023-06-27,0.795
2023-06-28,0.028
2023-06-29,0.078
2023-06-30,0.008
2023-07-01,0.016
2023-07-02,0.047
2023-07-03,0.056
2023-07-04,0.106
2023-07-05,0.021
2023-07-06,0.123
2023-07-07,0.24
2023-07-08,0.361
2023-07-09,0.077
2023-07-10,0.09
2023-07-11,0.123
2023-07-12,0.013
2023-07-13,0.0
2023-07-14,0.079
2023-07-15,0.208
2023-07-16,0.008
2023-07-17,0.037
2023-07-18,1.411
2023-07-19,1.189
2023-07-20,0.157
2023-07-21,0.017
2023-07-22,0.198
2023-07-23,0.174
2023-07-24,0.041
2023-07-25,0.053
2023-07-26,0.194
2023-07-27,0.062
2023-07-28,0.066
2023-07-29,0.013
2023-07-30,0.136
2023-07-31,0.105
2023-08-01,0.189
2023-08-02,0.296
2023-08-03,0.053
2023-08-04,0.059
2023-08-05,0.085
2023-08-06,0.036
2023-08-07,0.028
2023-08-08,0.022
2023-08-09,0.267
2023-08-10,0.225
2023-08-11,0.292
2023-08-12,0.001
2023-08-13,0.067
2023-08-14,0.184
2023-08-15,0.125
2023-08-16,0.029
2023-08-17,0.067
2023-08-18,0.074
2023-08-19,0.004
2023-08-20,0.035
2023-08-21,0.723
2023-08-22,0.051
2023-08-23,0.127
2023-08-24,0.324
2023-08-25,0.053
2023-08-26,0.239
2023-08-27,0.172
2023-08-28,0.372
2023-08-29,0.115
2023-08-30,0.155
2023-08-31,0.28
2023-09-01,0.011
2023-09-02,0.053
2023-09-03,0.044
2023-09-04,0.0
2023-09-05,0.0
2023-09-06,0.0
2023-09-07,0.035
2023-09-08,0.083
2023-09-09,0.178
2023-09-10,0.171
2023-09-11,0.421
2023-09-12,0.005
2023-09-13,0.075
2023-09-14,0.305
2023-09-15,0.042
2023-09-16,0.042
2023-09-17,0.418
2023-09-18,0.271
2023-09-19,0.316
2023-09-20,0.28
2023-09-21,0.143
2023-09-22,0.139
2023-09-23,0.362
2023-09-24,0.106
2023-09-25,0.161
2023-09-26,0.212
2023-09-27,0.075
2023-09-28,0.692
2023-09-29,0.066
2023-09-30,0.079
2023-10-01,0.024
2023-10-02,0.089
2023-10-03,0.005
2023-10-04,0.002
2023-10-05,0.002
2023-10-06,0.002
2023-10-07,0.009
2023-10-08,0.194
2023-10-09,0.002
2023-10-10,0.023
2023-10-11,0.047
2023-10-12,0.076
2023-10-13,0.001
2023-10-14,0.008
2023-10-15,0.04
2023-10-16,0.001
2023-10-17,0.0
2023-10-18,0.003
2023-10-19,0.016
2023-10-20,0.033
2023-10-21,0.005
2023-10-22,0.003
2023-10-23,0.002
2023-10-24,0.007
2023-10-25,0.247
2023-10-26,0.133
2023-10-27,0.001
2023-10-28,0.0
2023-10-29,0.04
2023-10-30,0.222
2023-10-31,0.019
2023-11-01,0.046
2023-11-02,0.003
2023-11-03,0.003
2023-11-04,0.0
2023-11-05,0.128
2023-11-06,0.105
2023-11-07,0.076
2023-11-08,0.024
2023-11-09,0.033
2023-11-10,0.003
2023-11-11,0.219
2023-11-12,0.206
2023-11-13,0.398
2023-11-14,1.369
2023-11-15,1.09
2023-11-16,0.385
2023-11-17,0.179
2023-11-18,0.005
2023-11-19,0.0
2023-11-20,0.0
2023-11-21,0.198
2023-11-22,0.049
2023-11-23,0.57
2023-11-24,0.078
2023-11-25,0.044
2023-11-26,0.025
2023-11-27,0.038
2023-11-28,0.116
2023-11-29,1.38
2023-11-30,4.965
2023-12-01,0.032
2023-12-02,0.106
2023-12-03,0.695
2023-12-04,0.056
2023-12-05,0.042
2023-12-06,0.148
2023-12-07,0.001
2023-12-08,0.017
2023-12-09,0.022
2023-12-10,0.713
2023-12-11,0.346
2023-12-12,0.09
2023-12-13,0.064
2023-12-14,0.451
2023-12-15,0.047
2023-12-16,0.02
2023-12-17,0.069
2023-12-18,0.117
2023-12-19,0.514
2023-12-20,1.035
2023-12-21,0.681
2023-12-22,1.204
2023-12-23,0.156
2023-12-24,0.003
2023-12-25,0.002
2023-12-26,0.008
2023-12-27,0.007
2023-12-28,0.054
2023-12-29,0.532
2023-12-30,0.077
2023-12-31,0.018
2024-01-01,0.078
2024-01-02,0.085
2024-01-03,0.031
2024-01-04,0.16
2024-01-05,0.005
2024-01-06,0.464
2024-01-07,0.923
2024-01-08,0.0
2024-01-09,0.283
2024-01-10,0.03
2024-01-11,0.029
2024-01-12,0.0
2024-01-13,0.002
2024-01-14,0.0
2024-01-15,0.0
2024-01-16,0.0
2024-01-17,0.001
2024-01-18,0.054
2024-01-19,0.005
2024-01-20,0.0
2024-01-21,0.0
2024-01-22,0.0
2024-01-23,0.002
2024-01-24,0.009
2024-01-25,0.002
2024-01-26,0.0
2024-01-27,0.0
2024-01-28,0.0
2024-01-29,0.0
2024-01-30,0.221
2024-01-31,0.116
2024-02-01,0.06
2024-02-02,0.776
2024-02-03,0.094
2024-02-04,0.305
2024-02-05,0.183
2024-02-06,0.147
2024-02-07,0.164
2024-02-08,0.11
2024-02-09,0.163
2024-02-10,0.026
2024-02-11,0.094
2024-02-12,0.036
2024-02-13,0.001
2024-02-14,0.0
2024-02-15,0.077
2024-02-16,0.202
2024-02-17,0.102
2024-02-18,0.084
2024-02-19,0.099
2024-02-20,0.015
2024-02-21,0.083
2024-02-22,0.38
2024-02-23,0.049
2024-02-24,0.468
2024-02-25,0.139
2024-02-26,0.495
2024-02-27,0.481
2024-02-28,0.37
2024-02-29,0.242
2024-03-01,0.217
2024-03-02,0.024
2024-03-03,1.943
2024-03-04,1.104
2024-03-05,0.985
2024-03-06,1.801
2024-03-07,2.284
2024-03-08,0.628
2024-03-09,0.265
2024-03-10,0.257
2024-03-11,0.125
2024-03-12,0.081
2024-03-13,0.225
2024-03-14,0.526
2024-03-15,1.458
2024-03-16,0.102
2024-03-17,0.062
2024-03-18,0.059
2024-03-19,0.035
2024-03-20,0.035
2024-03-21,0.347
2024-03-22,0.131
2024-03-23,0.063
2024-03-24,0.028
2024-03-25,0.012
2024-03-26,0.036
2024-03-27,0.076
2024-03-28,0.181
2024-03-29,0.224
2024-03-30,0.247
2024-03-31,0.048
2024-04-01,0.5
2024-04-02,0.644
2024-04-03,1.143
2024-04-04,0.976
2024-04-05,1.077
2024-04-06,0.186
2024-04-07,0.674
2024-04-08,0.682
2024-04-09,0.204
2024-04-10,0.3
2024-04-11,0.838
2024-04-12,0.042
2024-04-13,0.005
2024-04-14,0.003
2024-04-15,0.3
2024-04-16,0.183
2024-04-17,0.013
2024-04-18,0.001
2024-04-19,0.225
2024-04-20,0.424
2024-04-21,0.554
2024-04-22,0.226
2024-04-23,0.203
2024-04-24,0.223
2024-04-25,0.556
2024-04-26,0.428
2024-04-27,0.492
2024-04-28,0.108
2024-04-29,0.047
2024-04-30,0.03
2024-05-01,0.104
2024-05-02,0.232
2024-05-03,1.006
2024-05-04,0.263
2024-05-05,0.288
2024-05-06,0.454
2024-05-07,0.075
2024-05-08,0.094
2024-05-09,0.474
2024-05-10,1.171
2024-05-11,0.502
2024-05-12,2.753
2024-05-13,0.059
2024-05-14,0.096
2024-05-15,0.009
2024-05-16,0.012
2024-05-17,0.07
2024-05-18,0.004
2024-05-19,0.042
2024-05-20,0.207
2024-05-21,0.388
2024-05-22,0.136
2024-05-23,0.069
2024-05-24,0.124
2024-05-25,0.152
2024-05-26,0.138
2024-05-27,0.236
2024-05-28,0.133
2024-05-29,0.22
2024-05-30,0.334
2024-05-31,0.216
2024-06-01,0.699
2024-06-02,0.607
2024-06-03,0.299
2024-06-04,0.011
2024-06-05,0.019
2024-06-06,0.0
2024-06-07,0.0
2024-06-08,0.001
2024-06-09,0.0
2024-06-10,0.071
2024-06-11,0.001
2024-06-12,0.2
2024-06-13,0.157
2024-06-14,0.56
2024-06-15,0.081
2024-06-16,0.171
2024-06-17,0.32
2024-06-18,0.145
2024-06-19,0.397
2024-06-20,0.227
2024-06-21,0.022
2024-06-22,0.604
2024-06-23,0.879
2024-06-24,0.039
2024-06-25,0.016
2024-06-26,0.0
2024-06-27,0.019
2024-06-28,0.171
2024-06-29,0.017
2024-06-30,0.132
2024-07-01,0.225
2024-07-02,0.19
2024-07-03,0.046
2024-07-04,0.107
2024-07-05,0.027
2024-07-06,0.023
2024-07-07,0.003
2024-07-08,0.172
2024-07-09,0.08
2024-07-10,0.035
2024-07-11,0.055
2024-07-12,0.006
2024-07-13,0.087
2024-07-14,0.002
2024-07-15,0.153
2024-07-16,0.017
2024-07-17,0.212
2024-07-18,0.15
2024-07-19,1.757
2024-07-20,0.278
2024-07-21,0.004
2024-07-22,0.093
2024-07-23,0.573
2024-07-24,0.128
2024-07-25,0.136
2024-07-26,0.214
2024-07-27,0.123
2024-07-28,0.023
2024-07-29,0.429
2024-07-30,0.46
2024-07-31,0.02
2024-08-01,0.011
2024-08-02,0.108
2024-08-03,0.424
2024-08-04,0.092
2024-08-05,0.036
2024-08-06,0.017
2024-08-07,0.009
2024-08-08,0.243
2024-08-09,0.026
2024-08-10,0.199
2024-08-11,0.095
2024-08-12,0.118
2024-08-13,0.076
2024-08-14,0.651
2024-08-15,0.148
2024-08-16,0.373
2024-08-17,0.279
2024-08-18,0.156
2024-08-19,0.002
2024-08-20,0.012
2024-08-21,0.041
2024-08-22,0.521
2024-08-23,0.52
2024-08-24,4.409
2024-08-25,4.64
2024-08-26,0.184
2024-08-27,0.091
2024-08-28,0.282
2024-08-29,0.09
2024-08-30,0.0
2024-08-31,0.342
2024-09-01,0.391
2024-09-02,0.161
2024-09-03,0.213
2024-09-04,0.108
2024-09-05,0.009
2024-09-06,0.09
2024-09-07,0.103
2024-09-08,0.005
2024-09-09,0.004
2024-09-10,0.089
2024-09-11,0.452
2024-09-12,0.069
2024-09-13,0.342
2024-09-14,0.552
2024-09-15,2.882
2024-09-16,0.32
2024-09-17,0.113
2024-09-18,0.033
2024-09-19,0.229
2024-09-20,0.206
2024-09-21,0.1
2024-09-22,0.039
2024-09-23,0.04
2024-09-24,0.112
2024-09-25,0.051
2024-09-26,0.087
2024-09-27,0.254
2024-09-28,0.017
2024-09-29,0.033
2024-09-30,0.036
2024-10-01,0.16
2024-10-02,0.043
2024-10-03,0.011
2024-10-04,0.047
2024-10-05,0.033
2024-10-06,0.005
2024-10-07,0.006
2024-10-08,0.005
2024-10-09,0.091
2024-10-10,0.09
2024-10-11,0.001
2024-10-12,0.004
2024-10-13,0.067
2024-10-14,0.643
2024-10-15,0.306
2024-10-16,0.122
2024-10-17,0.327
2024-10-18,0.016
2024-10-19,0.008
2024-10-20,0.018
2024-10-21,0.004
2024-10-22,0.215
2024-10-23,0.082
2024-10-24,0.065
2024-10-25,1.622
2024-10-26,1.24
2024-10-27,0.438
2024-10-28,1.321
2024-10-29,0.195
2024-10-30,0.716
2024-10-31,1.475
2024-11-01,2.886
2024-11-02,0.445
2024-11-03,0.222
2024-11-04,6.42
2024-11-05,0.234
2024-11-06,0.099
2024-11-07,0.188
2024-11-08,0.143
2024-11-09,0.097
2024-11-10,0.011
2024-11-11,0.137
2024-11-12,0.079
2024-11-13,0.757
2024-11-14,1.039
2024-11-15,0.245
2024-11-16,0.981
2024-11-17,1.069
2024-11-18,0.364
2024-11-19,0.045
2024-11-20,0.398
2024-11-21,0.451
2024-11-22,0.008
2024-11-23,0.285
2024-11-24,0.219
2024-11-25,0.001
2024-11-26,0.001
2024-11-27,0.011
2024-11-28,0.202
2024-11-29,0.073
2024-11-30,0.003
2024-12-01,0.0
2024-12-02,0.003
2024-12-03,0.003
2024-12-04,0.0
2024-12-05,0.01
2024-12-06,0.0
2024-12-07,0.005
2024-12-08,0.065
2024-12-09,0.107
2024-12-10,0.282
2024-12-11,0.502
2024-12-12,0.349
2024-12-13,0.087
2024-12-14,0.014
2024-12-15,0.005
2024-12-16,0.092
2024-12-17,0.003
2024-12-18,0.0
2024-12-19,0.001
2024-12-20,0.0
2024-12-21,0.0
2024-12-22,0.019
2024-12-23,0.129
2024-12-24,0.015
2024-12-25,0.001
2024-12-26,0.001
2024-12-27,0.017
2024-12-28,0.076
2024-12-29,0.028
2024-12-30,0.304
2024-12-31,0.376
2025-01-01,0.018
2025-01-02,0.04
2025-01-03,0.01
2025-01-04,0.0
2025-01-05,0.0
2025-01-06,0.001
2025-01-07,0.0
2025-01-08,0.017
2025-01-09,0.32
2025-01-10,0.616
2025-01-11,0.662
2025-01-12,0.279
2025-01-13,0.896
2025-01-14,0.036
2025-01-15,0.034
2025-01-16,0.003
2025-01-17,0.068
2025-01-18,0.515
2025-01-19,0.012
2025-01-20,0.001
2025-01-21,0.0
2025-01-22,0.0
2025-01-23,0.0
2025-01-24,0.163
2025-01-25,0.093
2025-01-26,0.025
2025-01-27,0.02
2025-01-28,0.014
2025-01-29,0.006
2025-01-30,0.858
2025-01-31,0.651
2025-02-01,0.219
2025-02-02,0.006
2025-02-03,0.0
2025-02-04,0.097
2025-02-05,0.113
2025-02-06,0.167
2025-02-07,0.028
2025-02-08,0.001
2025-02-09,0.025
2025-02-10,0.005
2025-02-11,0.0
2025-02-12,0.02
2025-02-13,0.003
2025-02-14,0.0
2025-02-15,0.421
2025-02-16,0.082
2025-02-17,0.0
2025-02-18,0.064
2025-02-19,0.018
2025-02-20,0.009
2025-02-21,0.003
2025-02-22,0.0
2025-02-23,0.0
2025-02-24,0.001
2025-02-25,0.0
2025-02-26,0.001
2025-02-27,0.001
2025-02-28,0.0
2025-03-01,0.0
2025-03-02,0.0
2025-03-03,0.039
2025-03-04,0.484
2025-03-05,0.059
2025-03-06,0.235
2025-03-07,0.376
2025-03-08,0.373
2025-03-09,0.161
2025-03-10,3.378
2025-03-11,0.626
2025-03-12,0.337
2025-03-13,1.076
2025-03-14,0.015
2025-03-15,0.154
2025-03-16,0.574
2025-03-17,0.15
2025-03-18,0.061
2025-03-19,0.5
2025-03-20,0.03
2025-03-21,0.064
2025-03-22,0.074
2025-03-23,0.029
2025-03-24,0.011
2025-03-25,0.002
2025-03-26,0.037
2025-03-27,0.056
2025-03-28,0.015
2025-03-29,0.014
2025-03-30,0.008
2025-03-31,0.025
2025-04-01,0.001
2025-04-02,0.002
2025-04-03,0.011
2025-04-04,0.003
2025-04-05,0.044
2025-04-06,0.052
2025-04-07,0.067
2025-04-08,0.211
2025-04-09,0.199
2025-04-10,0.015
2025-04-11,0.074
2025-04-12,0.525
2025-04-13,0.112
2025-04-14,0.143
2025-04-15,0.09
2025-04-16,0.01
2025-04-17,0.002
2025-04-18,0.019
2025-04-19,0.151
2025-04-20,0.151
2025-04-21,0.146
2025-04-22,0.046
2025-04-23,0.009
2025-04-24,0.0
2025-04-25,0.013
2025-04-26,0.005
2025-04-27,0.0
2025-04-28,0.002
2025-04-29,0.439
2025-04-30,0.492
2025-05-01,0.143
2025-05-02,0.029
2025-05-03,0.066
2025-05-04,0.023
2025-05-05,0.115
2025-05-06,0.057
2025-05-07,0.306
2025-05-08,0.173
2025-05-09,0.006
2025-05-10,0.137
2025-05-11,0.115
2025-05-12,0.175
2025-05-13,0.337
2025-05-14,0.066
2025-05-15,0.103
2025-05-16,1.096
2025-05-17,1.138
2025-05-18,0.185
2025-05-19,0.163
2025-05-20,0.033
2025-05-21,0.016
2025-05-22,0.23
2025-05-23,0.075
2025-05-24,0.094
2025-05-25,0.124
2025-05-26,0.033
2025-05-27,0.024
2025-05-28,0.077
2025-05-29,0.05
2025-05-30,0.177
2025-05-31,0.076
2025-06-01,0.391
2025-06-02,0.202
2025-06-03,0.17
2025-06-04,0.236
2025-06-05,0.448
2025-06-06,0.053
2025-06-07,0.126
2025-06-08,0.282
2025-06-09,0.235
2025-06-10,0.039
2025-06-11,0.109
2025-06-12,0.36
2025-06-13,0.26
2025-06-14,0.611
2025-06-15,0.405
2025-06-16,0.105
2025-06-17,1.606
2025-06-18,0.326
2025-06-19,0.331
2025-06-20,0.039
2025-06-21,0.003
2025-06-22,0.364
2025-06-23,1.08
2025-06-24,0.076
2025-06-25,0.477
2025-06-26,0.306
2025-06-27,0.123
2025-06-28,0.338
2025-06-29,0.063
2025-06-30,0.112
2025-07-01,0.012
2025-07-02,0.298
2025-07-03,0.072
2025-07-04,0.075
2025-07-05,0.32
2025-07-06,0.19
2025-07-07,0.912
2025-07-08,0.264
2025-07-09,0.146
2025-07-10,0.185
2025-07-11,0.222
2025-07-12,0.525
2025-07-13,0.026
2025-07-14,0.165
2025-07-15,0.026
2025-07-16,0.375
2025-07-17,0.669
2025-07-18,0.046
2025-07-19,0.558
2025-07-20,0.264
2025-07-21,0.307
2025-07-22,0.05
2025-07-23,0.0
2025-07-24,0.003
2025-07-25,0.054
2025-07-26,0.274
2025-07-27,0.35
2025-07-28,0.002
2025-07-29,0.002
2025-07-30,0.0
2025-07-31,0.432
2025-08-01,0.094
2025-08-02,0.175
2025-08-03,0.351
2025-08-04,0.01
2025-08-05,0.0
2025-08-06,0.002
2025-08-07,0.183
2025-08-08,0.102
2025-08-09,0.007
2025-08-10,0.056
2025-08-11,0.002
2025-08-12,0.143
2025-08-13,0.109
2025-08-14,0.221
2025-08-15,0.005
2025-08-16,0.0
2025-08-17,0.389
2025-08-18,0.097
2025-08-19,0.161
2025-08-20,0.253
2025-08-21,0.095
2025-08-22,0.112
2025-08-23,0.042
2025-08-24,0.014
2025-08-25,0.05
2025-08-26,0.126
2025-08-27,0.026
2025-08-28,0.064
2025-08-29,0.009
2025-08-30,0.429
2025-08-31,0.012
2025-09-01,0.002
2025-09-02,0.002
2025-09-03,0.0
2025-09-04,0.077
2025-09-05,0.006
2025-09-06,0.03
2025-09-07,0.004
2025-09-08,0.0
2025-09-09,0.444
2025-09-10,0.529
2025-09-11,1.589
2025-09-12,0.526
2025-09-13,0.022
2025-09-14,0.169
2025-09-15,0.148
2025-09-16,0.23
2025-09-17,0.041
2025-09-18,0.064
2025-09-19,0.537
2025-09-20,0.509
2025-09-21,0.096
2025-09-22,0.045
2025-09-23,0.198
2025-09-24,0.062
2025-09-25,0.0
2025-09-26,0.094
2025-09-27,0.0
2025-09-28,0.03
2025-09-29,0.025
2025-09-30,0.012
2025-10-01,0.027
2025-10-02,0.007
2025-10-03,0.066
2025-10-04,0.103
2025-10-05,0.171
2025-10-06,0.0
2025-10-07,0.003
2025-10-08,0.023
2025-10-09,0.029
2025-10-10,0.108
2025-10-11,0.02
2025-10-12,0.064
2025-10-13,0.006
2025-10-14,0.001
2025-10-15,0.062
2025-10-16,0.451
2025-10-17,0.127
2025-10-18,0.581
2025-10-19,0.258
2025-10-20,0.171
2025-10-21,0.397
2025-10-22,0.366
2025-10-23,0.419
2025-10-24,0.576
2025-10-25,1.378
2025-10-26,0.7
2025-10-27,0.298
2025-10-28,0.354
2025-10-29,0.934
2025-10-30,0.104
2025-10-31,0.425
2025-11-01,0.216
2025-11-02,0.041
2025-11-03,0.277
2025-11-04,0.41
2025-11-05,0.02
2025-11-06,0.075
2025-11-07,0.005
2025-11-08,0.006
2025-11-09,1.437
2025-11-10,0.445
2025-11-11,0.364
2025-11-12,0.819
2025-11-13,3.343
2025-11-14,5.998
2025-11-15,0.406
2025-11-16,0.08
2025-11-17,0.399
2025-11-18,0.062
2025-11-19,2.439
2025-11-20,0.198
2025-11-21,0.548
2025-11-22,0.253
2025-11-23,0.367
2025-11-24,0.01
2025-11-25,0.01
2025-11-26,0.021
2025-11-27,0.014
2025-11-28,0.075
2025-11-29,0.0
2025-11-30,0.001
2025-12-01,0.0
2025-12-02,0.012
2025-12-03,0.0
2025-12-04,0.341
2025-12-05,0.827
2025-12-06,0.063
2025-12-07,0.304
2025-12-08,0.011
2025-12-09,0.002
2025-12-10,0.0
2025-12-11,0.0
2025-12-12,0.0
2025-12-13,0.0
2025-12-14,0.002
2025-12-15,0.0
2025-12-16,0.076
2025-12-17,0.003
2025-12-18,0.001
2025-12-19,0.018
2025-12-20,0.0
2025-12-21,0.002
2025-12-22,0.008
2025-12-23,3.245
2025-12-24,0.124
2025-12-25,0.034
2025-12-26,0.174
2025-12-27,0.004
2025-12-28,0.005
2025-12-29,0.005
2025-12-30,0.227
2025-12-31,0.018
2026-01-01,0.086
2026-01-02,1.104
2026-01-03,0.465
2026-01-04,2.052
2026-01-05,4.082
2026-01-06,1.3
2026-01-07,0.005
2026-01-08,1.217
2026-01-09,0.077
2026-01-10,0.002
2026-01-11,0.0
2026-01-12,0.172
2026-01-13,0.08
2026-01-14,0.001
2026-01-15,0.085
2026-01-16,0.016
2026-01-17,0.054
2026-01-18,0.04
2026-01-19,0.036
2026-01-20,0.0
2026-01-21,0.01
2026-01-22,0.001
2026-01-23,0.021
2026-01-24,0.012
2026-01-25,0.002
2026-01-26,0.0
2026-01-27,0.001
2026-01-28,0.0
2026-01-29,0.0
2026-01-30,0.0
2026-01-31,0.034
2026-02-01,0.0
2026-02-02,0.0
2026-02-03,0.002
2026-02-04,0.0
2026-02-05,0.055
2026-02-06,0.001
2026-02-07,0.25
2026-02-08,2.574
2026-02-09,3.117
2026-02-10,0.71
2026-02-11,0.661
2026-02-12,0.697
2026-02-13,0.038
2026-02-14,0.615
2026-02-15,0.695
2026-02-16,0.642
2026-02-17,0.232
2026-02-18,0.226
2026-02-19,0.384
2026-02-20,1.361
2026-02-21,0.256
2026-02-22,0.017
2026-02-23,1.267
2026-02-24,1.154
2026-02-25,0.145
2026-02-26,0.006
2026-02-27,0.324
2026-02-28,1.697
2026-03-01,0.211
2026-03-02,0.069
2026-03-03,0.097
2026-03-04,0.369
2026-03-05,0.035
2026-03-06,0.132
2026-03-07,0.519
2026-03-08,0.917
2026-03-09,0.169
2026-03-10,0.011
2026-03-11,0.513
2026-03-12,0.067
2026-03-13,0.29
2026-03-14,4.72
2026-03-15,0.226
2026-03-16,0.203
2026-03-17,4.673
2026-03-18,0.149
2026-03-19,0.054
2026-03-20,0.003
2026-03-21,0.208
2026-03-22,0.494
2026-03-23,1.591
2026-03-24,0.413
2026-03-25,0.054
2026-03-26,0.152
2026-03-27,0.035
2026-03-28,0.225
2026-03-29,0.0
2026-03-30,0.03
2026-03-31,0.091
2026-04-01,0.017
2026-04-02,0.31
2026-04-03,0.076
2026-04-04,0.0
2026-04-05,0.005
2026-04-06,0.041
2026-04-07,2.901
2026-04-08,0.288
2026-04-09,0.026
2026-04-10,0.836
2026-04-11,0.206
2026-04-12,0.001
2026-04-13,0.016
2026-04-14,0.0
2026-04-15,0.0
2026-04-16,0.019
2026-04-17,0.0
2026-04-18,0.004
2026-04-19,0.058
2026-04-20,0.12
2026-04-21,0.025
2026-04-22,0.006
2026-04-23,0.059
2026-04-24,0.214
2026-04-25,0.121
2026-04-26,0.0
2026-04-27,0.925
2026-04-28,0.866
2026-04-29,0.734
2026-04-30,0.351
2026-05-01,0.754
2026-05-02,0.507
2026-05-03,1.664
2026-05-04,0.426
2026-05-05,0.371
2026-05-06,0.0
2026-05-07,0.0
2026-05-08,0.514
2026-05-09,0.188
2026-05-10,0.017
2026-05-11,0.011
2026-05-12,0.288
2026-05-13,0.183
2026-05-14,1.08
2026-05-15,1.449
2026-05-16,0.2
2026-05-17,1.215
2026-05-18,0.955
2026-05-19,0.206
2026-05-20,1.667
2026-05-21,0.342
2026-05-22,0.64
2026-05-23,0.167
2026-05-24,0.5
2026-05-25,0.235
2026-05-26,0.057
2026-05-27,0.164
2026-05-28,0.149
2026-05-29,0.171
2026-05-30,0.105
2026-05-31,2.347
2026-06-01,2.199
2026-06-02,1.277
2026-06-03,0.197
2026-06-04,0.333
2026-06-05,0.399
2026-06-06,0.062
2026-06-07,0.122
2026-06-08,0.263
2026-06-09,0.416
2026-06-10,1.389
2026-06-11,0.605
2026-06-12,0.063
2026-06-13,0.007
2026-06-14,0.01
2026-06-15,0.012
2026-06-16,0.002
2026-06-17,0.181
2026-06-18,0.069
2026-06-19,0.001
2026-06-20,0.0
2026-06-21,0.087
2026-06-22,0.119
2026-06-23,0.705
2026-06-24,0.26
2026-06-25,0.377
2026-06-26,0.193
2026-06-27,0.148
2026-06-28,0.122
2026-06-29,0.982
2026-06-30,0.685
2026-07-01,1.483
2026-07-02,0.275
2026-07-03,0.506
2026-07-04,0.56
2026-07-05,0.041
2026-07-06,0.288
2026-07-07,0.754
2026-07-08,0.22
2026-07-09,0.866
2026-07-10,0.791
2026-07-11,0.299
2026-07-12,0.541
2026-07-13,0.479
2026-07-14,0.236
2026-07-15,0.01
2026-07-16,0.389
2026-07-17,1.703
2026-07-18,0.109
2026-07-19,0.05
2026-07-20,0.4
2026-07-21,0.487
2026-07-22,0.124
2026-07-23,0.211
2026-07-24,0.093
2026-07-25,0.947
2026-07-26,0.059
2026-07-27,0.144
2026-07-28,0.073
2026-07-29,0.315
2026-07-30,0.002
2026-07-31,0.427
2026-08-01,0.09
2026-08-02,0.447
2026-08-03,0.233
2026-08-04,0.02
2026-08-05,0.002
2026-08-06,0.012
2026-08-07,0.024
2026-08-08,0.748
2026-08-09,1.053
2026-08-10,0.503
2026-08-11,0.002
2026-08-12,0.051
2026-08-13,0.154
2026-08-14,1.347
2026-08-15,8.595
2026-08-16,3.424
2026-08-17,0.669
2026-08-18,0.0
2026-08-19,0.036
2026-08-20,0.0
2026-08-21,0.23
2026-08-22,0.032
2026-08-23,0.548
2026-08-24,0.223
2026-08-25,0.046
2026-08-26,0.205
2026-08-27,0.403
2026-08-28,0.303
2026-08-29,0.385
2026-08-30,0.128
2026-08-31,0.842
2026-09-01,0.5
2026-09-02,0.771
